id,year,volume,issue,article_number,editor_era,is_editorial,title,authors,category,cluster_haiku_summary,summary_haiku,methodology_primary,methodology_secondary,unit_of_analysis_primary,unit_of_analysis_secondary,pedagogy_primary,pedagogy_secondary,technology_primary,technology_secondary,theory_primary,theory_secondary,ai_llm_involvement_primary,ai_llm_involvement_secondary,evidence_span,coding_confidence,extends_methodology,extends_pedagogy,extends_technology,extends_theory,coding_notes
ijCSCL_1_1_1,2006,1,1,1,stahl_hesse_2006_2015,no,"The CSCL community in its ﬁrst decade: development, continuity, connectivity",Andrea Kienle & Martin Wessner,f,11,"The CSCL community's first decade (1995–2005) demonstrates growth and increasing internationalization despite low individual continuity. Using quantitative analysis of conference proceedings, participant lists, and program committees combined with qualitative surveys, researchers found that while 79% of authors contributed to only one conference, international connectivity grew substantially through citations and co-authorships across countries, with conference location rotation and diverse program committee composition supporting this development.",,,,,,,,,,,,,,,,,,,
ijCSCL_1_1_2,2006,1,1,2,stahl_hesse_2006_2015,no,"A relational, indirect, meso-level approach to CSCL design in the next decade",Chris Jones & Lone Dirckinck<Holmfeld & Berner Lindstro¨m,a,3,"This theoretical paper proposes a relational approach to CSCL design, arguing that technology, affordances, and infrastructure should be understood as emerging through relationships rather than as fixed properties. Drawing on two European research networks, the authors advocate for meso-level analysis bridging micro-group and macro-institutional processes, and recommend indirect design strategies that acknowledge contingency in how learners enact technological affordances within networked learning environments.",,,,,,,,,,,,,,,,,,,
ijCSCL_1_1_3,2006,1,1,3,stahl_hesse_2006_2015,no,Students assessing their own collaborative knowledge building,Eddy Y.C. Lee & Carol K.K. Chan & Jan van Aalst,d,16,"This study examined how electronic portfolio assessments guided by knowledge-building principles support collaborative inquiry in computer forums. Using a quasi-experimental design with 119 ninth-grade students across three Knowledge Forum conditions, researchers found that students receiving portfolios with knowledge-building principles demonstrated deeper inquiry, more high-level questions, and superior conceptual understanding compared to peers using forums alone or portfolios without principles. Portfolio scores predicted essay performance beyond individual participation metrics, suggesting portfolios effectively capture distributed, progressive knowledge advancement.",,,,,,,,,,,,,,,,,,,
ijCSCL_1_1_4,2006,1,1,4,stahl_hesse_2006_2015,no,Situating CoWeb: a scholarship of application,Jochen Rick & Mark Guzdial,b,12,"Researchers developed CoWeb, a wiki-based platform for collaborative learning, and deployed it across diverse academic contexts at Georgia Tech. Through design-based research, they found that collaborative learning success depends critically on cultural compatibility: CoWeb succeeded in architecture and composition where collaboration aligned with disciplinary values, but failed in STEM courses due to competitive cultures. By redesigning an introductory computing course around collaborative principles, they overcame these barriers, demonstrating that culture can be intentionally shaped to support technology adoption.",,,,,,,,,,,,,,,,,,,
ijCSCL_1_1_5,2006,1,1,5,stahl_hesse_2006_2015,no,R-U-Typing-2-Me? Evolving a chat tool to increase understanding in learning activities,Hugo Fuks & Mariano Pimentel & Carlos Jose´ Pereira de Lucena,b,2,"This research investigates ""Chat Confusion""—difficulties following conversations when multiple participants communicate simultaneously in chat tools used for educational debates. Through iterative design-based development, researchers identified six key problems: co-text loss, dynamics interruption, message overload, lack-of-visibility-of-turn-in-progress, reading difficulties, and decontextualization. Successive Mediated Chat versions implemented targeted solutions including message threading, structured conversation techniques, publication queues, interface improvements, and session history. Case studies demonstrated that combining structured dynamics with interface enhancements effectively reduced confusion and improved understanding in online learning activities.",,,,,,,,,,,,,,,,,,,
ijCSCL_1_1_6,2006,1,1,6,stahl_hesse_2006_2015,no,A dialogic understanding of the relationship between CSCL and teaching thinking skills,Rupert Wegerif,c,2,"# Summary Wegerif argues that dialogue itself constitutes the primary thinking skill underlying creativity and learning-to-learn. Through literature review and case studies using Raven's reasoning tests, he demonstrates that teaching dialogue as an end in itself—rather than as a tool for knowledge construction—promotes general thinking skills. He proposes a dialogic interpretative framework for CSCL that emphasizes opening, deepening, and broadening reflective spaces through technology-supported dialogue.",,,,,,,,,,,,,,,,,,,
ijCSCL_1_2_1,2006,1,2,1,stahl_hesse_2006_2015,no,Approaching institutional contexts: Systemic versus dialogic research in CSCL,Hans Christian Arnseth & Sten Ludvigsen,f,2,"# Summary This article distinguishes between systemic and dialogic research approaches in CSCL to address how institutional contexts shape tool meanings and functions. Systemic approaches identify variable correlations affecting collaboration and outcomes, while dialogic approaches examine how meanings emerge through social interaction. The authors argue that dialogic analysis of sequential activities reveals why CSCL applications often fail in ordinary classrooms, demonstrating that understanding institutional practice transformation requires attention to how participants actively constitute contexts through their actions.",,,,,,,,,,,,,,,,,,,
ijCSCL_1_2_2,2006,1,2,2,stahl_hesse_2006_2015,no,Collaborative knowledge building using the Design Principles Database,Yael Kali,b,3,"The Design Principles Database (DPD) supports collaborative knowledge building among educational technology researchers through a structured system of interconnected design features and principles at multiple abstraction levels. Using design-based research methodology across three iterations of a peer-evaluation activity, the study demonstrates how researchers extract principles from literature, test them in practice, and contribute refined knowledge back to the community database, exemplifying second-order collaborative learning environments.",,,,,,,,,,,,,,,,,,,
ijCSCL_1_2_3,2006,1,2,3,stahl_hesse_2006_2015,no,Co-reﬂection in online learning: Collaborative critical thinking as narrative,Joyce Yukawa,c,2,"This study examined two graduate students' learning in an online action research course using narrative analysis. The research identifies co-reflection—a collaborative critical thinking process combining cognitive and affective interactions with relationship building—as central to knowledge co-construction. Two co-reflection types emerged: tacit (indirect, subtle) and active (explicit, discursive). Simple, flexible software tools effectively supported inquiry learning by accommodating diverse communication and learning styles.",,,,,,,,,,,,,,,,,,,
ijCSCL_1_2_4,2006,1,2,4,stahl_hesse_2006_2015,no,Knowledge-building activity structures in Japanese elementary science pedagogy,Jun Oshima & Ritsuko Oshima & Isao Murayama & Shigenori Inagaki & Makiko Takenaka & Tomokazu Yamamoto & Etsuji Yamaguchi & Hayashi Nakayama,a,16,"# Summary This design study examined how to transform Japanese elementary science classrooms into knowledge-building communities by integrating traditional activity structures with CSCL technology. Across two consecutive years, researchers refined lesson designs using Knowledge Forum to support idea-centered, collaborative inquiry. Results showed that improving task authenticity and participatory structures—particularly blending online and offline communication—significantly enhanced students' collective knowledge advancement and engagement with conceptual artifacts compared to initial implementations.",,,,,,,,,,,,,,,,,,,
ijCSCL_1_2_5,2006,1,2,5,stahl_hesse_2006_2015,no,"Supporting synchronous collaborative learning: A generic, multi-dimensional model",Jacques Lonchamp,b,13,"Lonchamp proposes Omega+, a multi-dimensional model-based generic synchronous collaborative learning environment addressing limited applicability of existing CSCL systems. The system uses separate explicit models for collaborative situations, interactions, processes, and performance monitoring, enabling flexible combinations of scaffolding techniques. Evaluation occurs through functional equivalence demonstrations and a dedicated web platform supporting real-world usage analysis and teacher customization.",,,,,,,,,,,,,,,,,,,
ijCSCL_1_2_6,2006,1,2,6,stahl_hesse_2006_2015,no,ERRATUM Students assessing their own collaborative knowledge building,Eddy Y.C. Lee & Carol K.K. Chan & Jan van Aalst,c,16,"This study examined how knowledge-building portfolios and principles scaffold collaborative inquiry in computer forums. Using a quasi-experimental design with 119 ninth-grade students across three Knowledge Forum conditions, researchers found that students guided by knowledge-building principles demonstrated deeper inquiry, more high-level questions, and superior conceptual understanding compared to peers using forums alone or with portfolios only. Portfolio scores predicted domain understanding beyond individual participation measures, suggesting portfolios effectively characterize and foster collective knowledge advances.",,,,,,,,,,,,,,,,,,,
ijCSCL_1_3_1,2006,1,3,1,stahl_hesse_2006_2015,no,Technology affordances for intersubjective meaning making: A research agenda for CSCL Daniel D. Suthers,making: A research agenda for CSCL Daniel D. Suthers,b,3,"Suthers proposes intersubjective meaning making—how groups jointly compose interpretations of dynamically evolving contexts—as CSCL's integrating research agenda. Through conceptual analysis, he argues that technology should be designed as fundamentally social to afford such meaning-making processes. He advocates hybrid methodologies combining experimental, descriptive, and design approaches, with ""uptake"" relations serving as a boundary object enabling dialogue across theoretical traditions.",,,,,,,,,,,,,,,,,,,
ijCSCL_1_3_2,2006,1,3,2,stahl_hesse_2006_2015,no,The affordance of anchored discussion for the collaborative processing of academic texts,J. van der Pol & W. Admiraal & P.R.J. Simons,c,2,"Anchored discussion systems, which integrate texts directly into online forums with message anchoring capabilities, promote more text-focused and constructive collaboration than traditional forum discussion. Comparing these systems with standard discussion boards in a pedagogy course, the study found anchored discussion produced more meaning-oriented discourse, more efficient communication, and fewer social digressions, making it more suitable for collaborative academic text comprehension among undergraduate students.",,,,,,,,,,,,,,,,,,,
ijCSCL_1_3_3,2006,1,3,3,stahl_hesse_2006_2015,no,Code talk: Student discourse and participation with networked handhelds,Tobin White,c,8,"Networked handheld computers in a middle school mathematics classroom expanded collaborative problem-solving participation beyond traditional discourse. Through interactional analysis of two student groups using the Code Breaker cryptography software, the study found that students demonstrating largest achievement gains gave more instructions and responded less frequently. Importantly, shared mathematical objects across devices enabled non-discursive participation forms, allowing lower-status students to contribute meaningfully despite limited verbal participation.",,,,,,,,,,,,,,,,,,,
ijCSCL_1_3_4,2006,1,3,4,stahl_hesse_2006_2015,no,Studying participation networks in collaboration using mixed methods,AlejandraMartínez & Yannis Dimitriadis & Eduardo Gómez-Sánchez & Bartolomé Rubia-Avi & Iván Jorrín-Abellán & Jose A. Marcos,c,13,"This study validates a mixed-evaluation method combining social network analysis with qualitative and quantitative approaches to assess participatory learning in CSCL contexts. Applied across three diverse scenarios—blended learning, distance learning, and synchronous collaboration—the method demonstrates flexibility and appropriateness for measuring interaction structures. Results confirm that integrating multiple data sources and analysis techniques provides efficient, reliable evaluation while remaining accessible to practitioners, though resource demands remain substantial.",,,,,,,,,,,,,,,,,,,
ijCSCL_1_4_1,2006,1,4,1,stahl_hesse_2006_2015,no,From dialogue to monologue and back: Middle spaces in computer-mediated learning,Noel Enyedy & Christopher M. Hoadley,c,2,"This study develops a framework distinguishing communication interfaces supporting dialogue from information interfaces supporting monologue in computer-mediated learning. Through design-based research with the Knowledge Integration Environment, the authors examine how students transition between these modes using SpeakEasy and SenseMaker tools. Case analyses reveal that successful learners strategically moved between dialogue and monologue, reflecting on ideas and identifying knowledge gaps, while less successful learners failed to leverage these transitions, suggesting that ""middle spaces"" bridging both modes enhance learning trajectories.",,,,,,,,,,,,,,,,,,,
ijCSCL_1_4_2,2006,1,4,2,stahl_hesse_2006_2015,no,Knowledge building in mathematics: Supporting collaborative learning in pattern problems,Joan Moss & Ruth Beatty,b,8,"Grade 4 students using Knowledge Forum, a collaborative online platform, demonstrated sophisticated mathematical reasoning when solving pattern generalization problems. Students found multiple algebraic rules per problem, revised their conjectures over weeks, and increasingly provided detailed justifications—behaviors rarely observed in traditional instruction. Knowledge-building principles of epistemic agency and idea improvement fostered this inquiry orientation, with students spontaneously recognizing structural similarities across problems.",,,,,,,,,,,,,,,,,,,
ijCSCL_1_4_3,2006,1,4,3,stahl_hesse_2006_2015,no,Electronic [re]constitution of groups: Group dynamics from face-to-face to an online setting,Lynn Clouder & Jayne Dalley & Julian Hargreaves & Sally Parkes & Julie Sellars & Jane Toms,c,4,"This three-year case study examined how group dynamics change when physiotherapy students transition from face-to-face to online collaboration during clinical placements. Using action research with six seminar groups, researchers analyzed discussion forums, focus groups, and evaluations. Findings reveal that group dynamics remain relatively stable across contexts once established face-to-face, though individual participation may shift online. Social presence proves essential for positive dynamics, yet groups must transcend sociability to develop cognitive presence and deeper learning. Effective facilitation significantly influences outcomes, particularly when managing emotionally charged discussions or low-engagement groups.",,,,,,,,,,,,,,,,,,,
ijCSCL_1_4_4,2006,1,4,4,stahl_hesse_2006_2015,no,Consistent practices in artifact-mediated collaboration,Nathan Dwyer & Daniel D. Suthers,a,4,"This study examined how dyads collaboratively solve problems using flexible paper-based media while restricted to written communication. Through video analysis of six pairs discussing wicked problems, researchers identified invariant communicative practices across different materials and participants. Despite varied interaction styles and artifacts, consistent patterns emerged in managing attention, awareness, and ownership of contributions. Findings challenge conventional CSCL design assumptions and suggest that effective collaborative technologies should support flexible semiotic resources rather than rigid representational structures.",,,,,,,,,,,,,,,,,,,
ijCSCL_2_1_1,2007,2,1,1,stahl_hesse_2006_2015,no,"Community-based learning: The core competency of residential, research-based universities",Gerhard Fischer & Markus Rohde & Volker Wulf,f,7,"Residential research universities can maintain competitive advantage against online education by adopting community-based learning grounded in socio-cultural theory. The authors present case studies from University of Colorado and University of Siegen demonstrating how integrating students into communities of practice through apprenticeships, peer collaboration, and regional industry partnerships creates meaningful learning experiences that transcend traditional instructionist models, requiring significant cultural change and faculty risk-taking.",,,,,,,,,,,,,,,,,,,
ijCSCL_2_1_2,2007,2,1,2,stahl_hesse_2006_2015,no,Patterns as a paradigm for theory in community-based learning,John M. Carroll & Umer Farooq,c,16,"Carroll and Farooq propose design patterns as a theoretical framework for understanding community-based IT learning. Through 12 years of participatory action research with volunteer organizations, they present two patterns: ""Informal Developmental Learning"" addresses lack of IT control through reflection, analysis, and enactment; ""Scaffolded Documentation"" manages knowledge loss from volunteer turnover via technology assessment, contingency planning, and lightweight documentation. Patterns serve as middle-level abstractions capturing recurring problems and solutions intelligible to practitioners themselves.",,,,,,,,,,,,,,,,,,,
ijCSCL_2_1_3,2007,2,1,3,stahl_hesse_2006_2015,no,A rating scheme for assessing the quality of computer-supported collaboration processes,Anne Meier & Hans Spada & Nikol Rummel,d,1,"Researchers developed a nine-dimension rating scheme for assessing computer-supported collaboration quality by combining qualitative analysis of student dialogue with theoretical frameworks. Applied to 40 dyads solving interdisciplinary patient cases via videoconferencing, the scheme demonstrated satisfactory inter-rater reliability and successfully detected instructional effects on collaboration processes, offering an efficient alternative to time-consuming transcription-based coding methods.",,,,,,,,,,,,,,,,,,,
ijCSCL_2_1_4,2007,2,1,4,stahl_hesse_2006_2015,no,Investigating patterns of interaction in networked learning and,Maarten de Laat & Vic Lally & Lasse Lipponen & Robert-Jan Simons,c,4,"Social Network Analysis (SNA) combined with content analysis and critical event recall provides valuable insights into networked learning communities. This multi-method study examined interaction patterns in an online master's program, revealing how participant roles and network density evolve over time. SNA effectively visualizes collaboration structures and identifies central versus peripheral members, complementing traditional qualitative methods to deepen understanding of computer-supported collaborative learning dynamics.",,,,,,,,,,,,,,,,,,,
ijCSCL_2_1_5,2007,2,1,5,stahl_hesse_2006_2015,no,Barriers to online critical discourse,Liam Rourke & Heather Kanuka,c,2,"This qualitative case study examined barriers to critical discourse in online forums within a 15-week graduate humanities course. Through observation and interviews with five distance students, researchers identified three key obstacles: students held competing orientations toward the conference (some seeking critique, others socioemotional support), perceived critiques as personal attacks, and viewed critical discourse as burdensome for participation marks. Structured learning activities with defined roles and assessment methods reflecting engagement effort could mitigate these barriers.",,,,,,,,,,,,,,,,,,,
ijCSCL_2_2_1,2007,2,2,1,stahl_hesse_2006_2015,no,Contextual perspective in analysing collaborative knowledge construction of two small groups in web-based discussion,Maarit Arvaja,c,12,"This study presents a methodology for analyzing collaborative knowledge construction in asynchronous web-based discussions by examining two student groups' thematic structure, communicative functions, and contextual resources. Comparing novice and experienced teacher-education students, findings reveal that different backgrounds influenced how groups created and interpreted context, negotiated meanings, and selected resources—novices relied on course material and peer discussion, while experienced students drew primarily on personal teaching experience.",,,,,,,,,,,,,,,,,,,
ijCSCL_2_2_2,2007,2,2,2,stahl_hesse_2006_2015,no,Supporting collaborative learning and problem-solving in a constraint-based CSCL environment for UML class diagrams,Nilufar Baghaei & Antonija Mitrovic & Warwick Irwin,b,8,"COLLECT-UML is a constraint-based intelligent tutoring system that teaches UML class diagram design while supporting collaborative learning. Using meta-constraints to model collaboration alongside domain constraints, the system provides feedback on both problem-solving and teamwork. Evaluation studies with 48 students showed significant improvements in UML knowledge and collaboration skills, with experimental group participants acquiring greater declarative knowledge about effective collaboration and demonstrating more balanced, active participation.",,,,,,,,,,,,,,,,,,,
ijCSCL_2_2_3,2007,2,2,3,stahl_hesse_2006_2015,no,Dealing with multiple documents on the WWW: The role of metacognition in the formation of documents models,Marc Stadtler & Rainer Bromme,c,15,"This study examined whether metacognitive prompting helps laypersons form documents models—integrated representations of content and sources—when researching medical information online. Using an experimental design with 79 participants assigned to groups receiving evaluation prompts, monitoring prompts, both, or neither, researchers found that monitoring prompts enhanced factual knowledge acquisition, while evaluation prompts improved source knowledge and source attribution in essays, supporting metacognition's importance in multiple-document comprehension.",,,,,,,,,,,,,,,,,,,
ijCSCL_2_2_4,2007,2,2,4,stahl_hesse_2006_2015,no,Specifying computer-supported collaboration scripts,Lars Kobbe & Armin Weinberger & Pierre Dillenbourg & Andreas Harrer & Raija Hämäläinen & Päivi Häkkinen & Frank Fischer,a,10,"This paper proposes a comprehensive framework for specifying computer-supported collaboration scripts by consolidating prior approaches. Through conceptual analysis, the authors identify five core components (participants, activities, roles, resources, groups) and three mechanisms (task distribution, group formation, sequencing) that enable platform-independent script description. The framework facilitates systematic research, practical design, and computational formalization of collaborative learning scripts across diverse educational contexts.",,,,,,,,,,,,,,,,,,,
ijCSCL_2_2_5,2007,2,2,5,stahl_hesse_2006_2015,no,Scripting by assigning roles: Does it improve knowledge construction in asynchronous discussion groups?,Tammy Schellens & Hilde Van Keer & Bram De Wever & Martin Valcke,b,16,"This design-based research compared two cohorts of university students (N=223 and N=286) across consecutive academic years to examine whether assigning rotating roles in asynchronous discussion groups enhances knowledge construction. Using multilevel analysis of coded discussion transcripts and exam scores, results showed that role assignment significantly improved students' knowledge construction levels and final exam performance, with an effect size of 0.5 standard deviations. However, differential effects emerged by role type, with summarizers benefiting most.",,,,,,,,,,,,,,,,,,,
ijCSCL_2_2_6,2007,2,2,6,stahl_hesse_2006_2015,no,Using graphical tools in a phased activity for enhancing dialogical skills: An example with Digalo,Nathalie Muller Mirza & Valérie Tartas & Anne-Nelly Perret-Clermont & Jean-François de Pietro,b,9,"This study examined how university students developed argumentative and historical knowledge through a phased learning activity using Digalo, graphical argument-mapping software. Using descriptive analysis of two collective debates about the Valladolid Controversy, researchers found that students constructed complex understanding of the historical topic while developing sophisticated argument-counterargument-reply sequences. The software's visual representations and structured functionalities supported both topic meaning-making and argumentative processes, enabling students to elaborate justifications and integrate opposing perspectives into their reasoning.",,,,,,,,,,,,,,,,,,,
ijCSCL_2_2_7,2007,2,2,7,stahl_hesse_2006_2015,no,How do argumentation diagrams compare when student pairs use them as a means for debate or as a tool for representing debate?,Kristine Lund & Gaëlle Molinari & Arnauld Séjourné & Michael Baker,c,9,"This study compared two instructional approaches for using argumentation diagrams during online debates among 36 secondary students. Using the ADAM analysis method, researchers examined individual diagrams created before and after debate, plus collaborative diagrams produced during debate. Results revealed that students instructed to represent their chat debate in diagrams added more non-argumentative relations (examples, causes, consequences), while those using diagrams simultaneously during debate expressed more opinions about arguments. These findings suggest different cognitive mechanisms emerge depending on whether diagrams mediate debate or represent completed debate.",,,,,,,,,,,,,,,,,,,
ijCSCL_2_2_8,2007,2,2,8,stahl_hesse_2006_2015,no,Argumentation in a changing world,Baruch B. Schwarz & Reuma De Groot,a,9,"# Summary This design-based research study examined a seven-month history course using the Kishurim program, which promotes critical reasoning through dialogic argumentation supported by the Digalo graphic tool. While traditional measures of argumentative components showed no significant improvement, students demonstrated significant gains in openness, coherence, and decisiveness. Analysis of e-discussions revealed that these criteria better reflect the program's dialogic pedagogical principles than conventional skill-based metrics, suggesting new evaluation standards for collaborative learning environments.",,,,,,,,,,,,,,,,,,,
ijCSCL_2_2_9,2007,2,2,9,stahl_hesse_2006_2015,no,Rainbow: A framework for analysing computer-mediated pedagogical debates,Michael Baker & Jerry Andriessen & Kristine Lund & Marie van Amelsvoort & Matthieu Quignard,c,9,"Rainbow is a seven-category analytical framework for analyzing computer-mediated pedagogical debates in CSCL environments. Developed through pragma-dialectical theory and dialogue analysis, it identifies when students broaden and deepen understanding of debate spaces through argumentative interaction. The framework synthesizes existing approaches into coherent functional categories, validated across multiple collaborative learning tasks and communication media with strong inter-coder reliability.",,,,,,,,,,,,,,,,,,,
ijCSCL_2_4_1,2007,2,4,1,stahl_hesse_2006_2015,no,Using activity-oriented design methods to study collaborative knowledge-building in e-learning courses within higher education,Christine Greenhow & Brad Belbas,a,16,"Activity-Oriented Design Methods (AODM) operationalize Activity Theory to analyze collaborative knowledge-building in e-learning courses. Using qualitative case study methodology, researchers applied AODM's six-stage framework to examine course design teams and students in online higher education. Findings revealed that peer collaboration, facilitated through small-group assignments and discussion guidelines, supported students' development of statistical knowledge through exploratory talk and iterative refinement of shared learning objects.",,,,,,,,,,,,,,,,,,,
ijCSCL_2_4_2,2007,2,4,2,stahl_hesse_2006_2015,no,Future technology workshop: A collaborative method for the design of new learning technologies and activities,Giasemi N. Vavoula & Mike Sharples,b,3,"The Future Technology Workshop (FTW) is a collaborative design method enabling participants with domain knowledge to envision and prototype interactions between current/future technologies and activities. Through seven structured sessions combining brainstorming, low-tech prototyping, role-play, and scenario analysis, participants progress from imagining far-future possibilities to grounding ideas in present constraints, ultimately generating implementable technology requirements. Successfully applied with children and adults across multiple projects, FTW provides cost-effective, pragmatic outcomes directly informing human-centered systems design.",,,,,,,,,,,,,,,,,,,
ijCSCL_2_4_3,2007,2,4,3,stahl_hesse_2006_2015,no,Facilitating argumentative knowledge construction with computer-supported collaboration scripts,Karsten Stegmann & Armin Weinberger & Frank Fischer,a,9,"Computer-supported collaboration scripts significantly improve argumentative knowledge construction in online discussions. A 2×2 factorial study with 120 educational science students examined scripts supporting single argument construction and argumentation sequences. Results showed scripts substantially enhanced formal argument quality and argumentation sequence quality. Scripts also facilitated knowledge on argumentation but not domain-specific knowledge, suggesting learners focused effort on argumentation skills rather than content mastery.",,,,,,,,,,,,,,,,,,,
ijCSCL_2_4_4,2007,2,4,4,stahl_hesse_2006_2015,no,The role of floor control and of ontology in argumentative activities with discussion-based tools,Baruch B. Schwarz & Amnon Glassner,c,9,"This study examined how informal argumentative ontologies and floor control in synchronous e-discussions affect knowledge co-elaboration among 54 seventh-grade students using the Digalo tool. Using a 2×2 factorial design, researchers compared conditions with/without ontology and with/without floor control. Results showed that combining informal ontology with floor control produced significantly more relevant claims and arguments while reducing chat-style expressions and non-productive peer references, suggesting these design features facilitate collaborative knowledge construction.",,,,,,,,,,,,,,,,,,,
ijCSCL_2_4_5,2007,2,4,5,stahl_hesse_2006_2015,no,Putting the pieces together: Online argumentation vee diagrams enhance thinking during discussions,E. Michael Nussbaum & Denise L. Winsor & Yvette M. Aqui & Anne M. Poliquin,c,9,"Online argumentation vee diagrams (AVDs) significantly enhance students' ability to integrate opposing arguments in asynchronous discussions. Using a quasi-experimental design with 87 preservice teachers, students completing individual AVDs before discussions and collaborative group AVDs afterward demonstrated greater compromise-based reasoning and opinion change compared to controls. Scaffolding questions evaluating argument strength proved essential for effectiveness, suggesting structured support facilitates metacognitive reflection necessary for balanced argumentation.",,,,,,,,,,,,,,,,,,,
ijCSCL_3_1_1,2008,3,1,1,stahl_hesse_2006_2015,no,The mechanics of CSCL macro scripts,Pierre Dillenbourg & Fabrice Hong,b,10,"Macro scripts structure collaborative learning by strategically distributing resources, roles, and knowledge among team members to increase interaction intensity. Using pedagogical design principles and computational data structure transformations, scripts trigger knowledge-productive interactions like argumentation and explanation. The SWISH model demonstrates how scripts engineer productive learning by creating controlled ""splits"" that require students to interact intensively to reach shared understanding.",,,,,,,,,,,,,,,,,,,
ijCSCL_3_1_2,2008,3,1,2,stahl_hesse_2006_2015,no,What does it mean? Students’ procedural and conceptual problem solving in a CSCL environment designed within the field of science education,Ingeborg Krange & Sten Ludvigsen,c,8,"This study examined procedural versus conceptual problem-solving in a CSCL environment where secondary students built a 3D insulin protein model using a codon table. Through interaction analysis of video-recorded collaborative sessions, researchers found that procedural problem-solving dominated student interactions, while conceptual knowledge construction occurred only when necessary for task completion. The authors conclude that institutional pressures to complete curriculum-based problems, combined with how the knowledge domain and tools were designed, prioritized procedural efficiency over deeper scientific understanding.",,,,,,,,,,,,,,,,,,,
ijCSCL_3_1_3,2008,3,1,3,stahl_hesse_2006_2015,no,A Community of Practice among tutors enabling student participation in a seminar preparation,Bernhard Nett,c,7,"A tutor community of practice overcame institutional barriers to implementing computer-supported collaborative learning in a Computer and Law seminar. Through informal collaboration and shared identity, tutors self-organized to design and conduct an educational experiment using JurMOO, a text-based virtual platform, for seminar preparation. This bottom-up approach enabled student participation and learning where top-down professor coordination had failed, demonstrating that tutor communities can effectively support educational innovation.",,,,,,,,,,,,,,,,,,,
ijCSCL_3_1_4,2008,3,1,4,stahl_hesse_2006_2015,no,The need for considering multilevel analysis in CSCL research—An appeal for the use of more advanced statistical methods,Ulrike Cress,d,4,"CSCL research involves hierarchically nested data—individuals within groups—yet standard statistical methods violate independence assumptions, causing alpha-error inflation. Multilevel modeling (MLM) addresses this by simultaneously analyzing individual and group levels, testing cross-level interactions between within-group predictors and between-group variables. However, MLM requires large sample sizes typically unavailable in CSCL studies, necessitating alternative approaches and careful reporting of intraclass correlations.",,,,,,,,,,,,,,,,,,,
ijCSCL_3_1_5,2008,3,1,5,stahl_hesse_2006_2015,no,Group awareness and self-presentation in computer-supported information exchange,Joachim Kimmerle & Ulrike Cress,c,4,"This experimental study examined how group awareness tools and protective self-presentation (PSP) influence knowledge-sharing behavior in computer-supported information exchange. Using a laboratory task simulating a social dilemma, 119 participants worked in three conditions: control, group-feedback, and individual-feedback. Results showed that individual feedback identifying each participant's contributions significantly increased cooperation rates, particularly among high-PSP individuals. An interaction effect emerged: high protective self-presenters were most cooperative when identifiable but least cooperative anonymously, suggesting self-presentation concerns drive knowledge-sharing behavior in collaborative digital environments.",,,,,,,,,,,,,,,,,,,
ijCSCL_3_2_1,2008,3,2,1,stahl_hesse_2006_2015,no,A systemic and cognitive view on collaborative knowledge building with wikis,Ulrike Cress & Joachim Kimmerle,b,12,"This article presents a theoretical framework integrating Luhmann's systems theory with Piaget's equilibration theory to explain collaborative knowledge building in wikis. The model distinguishes between social and cognitive systems, analyzing how externalization and internalization processes enable learning through assimilation and accommodation. Empirical Wikipedia examples demonstrate that medium-level incongruities between individual knowledge and wiki content motivate equilibration activities, driving both individual learning and collaborative knowledge building through co-evolution of systems.",,,,,,,,,,,,,,,,,,,
ijCSCL_3_2_2,2008,3,2,2,stahl_hesse_2006_2015,no,Supporting controversial CSCL discussions with augmented group awareness tools,Jürgen Buder & Daniel Bodemer,b,4,"Augmented group awareness tools that aggregate and visualize learner ratings of discussion contributions can strengthen minority influence in collaborative learning. An experimental study with groups discussing controversial physics topics found that groups using rating-based awareness tools made significantly better decisions and showed higher individual learning than unsupported groups, particularly by shifting majority members toward scientifically correct minority viewpoints through enhanced informational influence.",,,,,,,,,,,,,,,,,,,
ijCSCL_3_2_3,2008,3,2,3,stahl_hesse_2006_2015,no,Annotations and the collaborative digital library: Effects of an aligned annotation interface on student argumentation and reading strategies,Joanna Wolfe,c,9,"Aligned annotation interfaces—where reader comments appear in text margins—significantly enhance student critical thinking and argumentation. Two complementary studies found that annotations, particularly pairs presenting conflicting viewpoints, prompted students to move beyond passive comprehension toward active evaluation and perspective-taking. Students receiving annotated materials demonstrated reduced reliance on summary strategies and greater engagement with competing positions, suggesting annotations provide valuable scaffolding for developing critical reading and writing practices.",,,,,,,,,,,,,,,,,,,
ijCSCL_3_2_4,2008,3,2,4,stahl_hesse_2006_2015,no,Appropriation of a shared workspace: Organizing principles and their application,Maarten Overdijk & Wouter van Diggelen,c,9,"This case study examines how student groups appropriate a graphical shared workspace during computer-mediated argumentative discussion. Through micro-analysis of tool-mediated interactions, the researchers found that groups develop shared organizational principles through implicit negotiation of conventions. Four groups demonstrated distinct orientations—maintaining direct interaction, constructing personal reasoning, or submitting unrelated contributions—resulting in different principles for organizing contributions. The study reveals mutual shaping between students and tool, where early choices constrain later possibilities and strong graphical principles prove difficult to abandon.",,,,,,,,,,,,,,,,,,,
ijCSCL_3_2_5,2008,3,2,5,stahl_hesse_2006_2015,no,Operationalizing macro-scripts in CSCL technological settings,Pierre Tchounikine,c,10,"This article proposes SPAIRD, a conceptualization model for operationalizing CSCL macro-scripts—pedagogical activity structures that guide collaborative learning. The research identifies core design dimensions including script reification through technology, student presentation strategies, and uncertainties in script perception and enactment. SPAIRD disentangles structural models, implementation models, platform specifications, and student-oriented models while documenting design rationale. The analysis examines current technological approaches and advocates for flexible, model-based script engines supporting iterative design.",,,,,,,,,,,,,,,,,,,
ijCSCL_3_3_1,2008,3,3,1,stahl_hesse_2006_2015,no,Analyzing collaborative learning processes automatically: Exploiting the advances of computational linguistics in,Carolyn Rosé & Yi-Chia Wang & Yue Cui & Jaime Arguello & Karsten Stegmann & Armin Weinberger & Frank Fischer,c,15,"Researchers applied computational linguistics text classification technology to automatically analyze collaborative learning discourse using a multi-dimensional coding scheme. Testing on 1,250 coded segments, they achieved acceptable reliability (Kappa ≥0.7) on several dimensions by designing linguistically-informed features reflecting thread structure and discourse context, demonstrating that feature engineering proved more effective than sophisticated algorithms for this task.",,,,,,,,,,,,,,,,,,,
ijCSCL_3_3_2,2008,3,3,2,stahl_hesse_2006_2015,no,Context-oriented communication and the design of computer-supported discursive learning,Thomas Herrmann & Andrea Kienle,b,2,"This theory-driven design experiment develops a context-oriented communication model to guide computer-supported discursive learning (CSDL) system design. Through iterative testing of the KOLUMBUS prototype across five classroom settings, researchers identified that integrating communicative annotations directly with segmented learning material as context significantly enhances mutual understanding in asynchronous discussions. The study extends traditional dyadic communication models by introducing the facilitator as a crucial third party, providing practical design guidelines emphasizing context integration, metadata support, and facilitation features.",,,,,,,,,,,,,,,,,,,
ijCSCL_3_3_3,2008,3,3,3,stahl_hesse_2006_2015,no,Cultural practices in networked classroom learning environments,Nancy Ares,c,8,"Networked classroom simulations enable underserved secondary mathematics students to leverage cultural practices as learning resources. This case study examined the Gridlock Participatory Simulation, analyzing how coordination and co-construction activities—supported by multiple communication modes including informal language, gesture, and graphical representations—invited students to draw on community-based interaction patterns while engaging in rigorous mathematical discourse and practice.",,,,,,,,,,,,,,,,,,,
ijCSCL_3_3_4,2008,3,3,4,stahl_hesse_2006_2015,no,The effect of a script and a structured interface in grounding discussions,Judith Schoonenboom,c,1,"This study examined how collaboration scripts and structured interfaces support grounding discussions among international students working remotely. Using a three-condition experiment (unscripted, script-only, script+interface), 42 students performed two grounding discussions structured into input, discussion, and consensus phases. Results showed scripts increased knowledge input quantity and discussion of differences, while structured interfaces further enhanced input length and adherence to prescribed activity sequences. However, no significant effects emerged for summary quality or learning outcomes.",,,,,,,,,,,,,,,,,,,
ijCSCL_3_3_5,2008,3,3,5,stahl_hesse_2006_2015,no,Supporting students’ participation in authentic proof activities in computer supported collaborative learning (CSCL) environments Diler Öner,Diler Oner,a,8,"This paper proposes integrating dynamic geometry software with knowledge-building pedagogy in CSCL environments to support high school students' mathematical proof activities. The author argues that proof instruction should incorporate both empirical exploration and deductive reasoning, reflecting authentic mathematical practice. The study recommends software modifications, particularly adding shared dynamic geometry components and problematizing mechanisms, to help students distinguish between empirical conviction and formal proof while engaging in collaborative knowledge construction.",,,,,,,,,,,,,,,,,,,
ijCSCL_3_4_1,2008,3,4,1,stahl_hesse_2006_2015,no,Leveraging online communities in fostering adaptive schools,David Hung & Kenneth Y. T. Lim & Der-Thanq Victor Chen & Thiam Seng Koh,b,7,"Online communities function as ""para-communities"" that should remain distinct from formal schools rather than being integrated into them. Through conceptual analysis, the authors argue that schools and online communities serve fundamentally different goals: schools emphasize intentional learning and efficiency, while online communities prioritize intrinsic motivation and innovation. They propose that adaptive schools leverage external para-communities through internal Communities of Interest, enabling complementary relationships that cultivate social capital and innovation without compromising organizational efficiency.",,,,,,,,,,,,,,,,,,,
ijCSCL_3_4_2,2008,3,4,2,stahl_hesse_2006_2015,no,The right tool for the wrong task? Match and mismatch between first and second stimulus in double stimulation,Andreas Lund & Ingvill Rasmussen,c,12,"This study examines how Norwegian high school students learning English as a foreign language approach open-ended collaborative tasks using wiki technology. Using Vygotsky's double stimulation framework, researchers analyzed the relationship between task design (first stimulus) and available tools (second stimulus) in collaborative knowledge construction. Findings reveal that learners struggled to maintain awareness across individual, group, and whole-class levels. When the wiki application failed, students sustained collective working practices through alternative tools like PowerPoint and MSN chat, demonstrating that pedagogical and technological designs must be better aligned to support collaborative knowledge production.",,,,,,,,,,,,,,,,,,,
ijCSCL_3_4_3,2008,3,4,3,stahl_hesse_2006_2015,no,Exploring embedded guidance and self-efficacy in educational multi-user virtual environments,Brian C. Nelson & Diane Jass Ketelhut,b,7,"This exploratory study examined how student self-efficacy in scientific inquiry affects guidance system use and learning outcomes in River City, an educational multi-user virtual environment. Using a sample of 96 middle school students, researchers found that students with low self-efficacy viewed significantly fewer guidance messages than higher-efficacy peers. While embedded reflective guidance improved learning across all efficacy levels, it only partially mitigated low self-efficacy's negative impact on performance. Notably, low-efficacy students with heavy guidance use achieved comparable outcomes to high-efficacy students without guidance.",,,,,,,,,,,,,,,,,,,
ijCSCL_3_4_4,2008,3,4,4,stahl_hesse_2006_2015,no,Alternative goal structures for computer game-based learning,Fengfeng Ke,b,8,"This field study examined how cooperative, competitive, and individualistic goal structures in classroom computer math games affect fifth-graders' math performance and attitudes. Using a pretest-posttest design with 160 students across four conditions, results showed all gaming groups outperformed controls on math tests, but cooperative goal structures proved most effective for promoting positive math attitudes. Socioeconomic status significantly moderated outcomes, with disadvantaged students benefiting most from cooperation.",,,,,,,,,,,,,,,,,,,
ijCSCL_3_4_5,2008,3,4,5,stahl_hesse_2006_2015,no,Automatic coding of dialogue acts in collaboration protocols,Gijsbert Erkens & Jeroen Janssen,c,2,"Researchers developed an automatic coding system to identify dialogue acts (communicative functions) in online collaboration protocols using discourse markers. Testing on 1,000 messages showed 79% agreement with manual coding (Cohen's kappa=0.75). Validity analyses confirmed the system reliably distinguished gender differences in communication patterns and detected experimental intervention effects, supporting its utility for analyzing collaborative learning processes.",,,,,,,,,,,,,,,,,,,
ijCSCL_4_1_1,2009,4,1,1,stahl_hesse_2006_2015,no,The pedagogical challenges to collaborative technologies,Diana Laurillard,b,6,"# Summary Collaborative technologies rarely address formal learning needs despite their educational potential. This paper proposes the Conversational Framework—a pedagogical model integrating instructionism, constructionism, socio-cultural, and collaborative learning theories—to establish user requirements for technology design. The framework emphasizes iterative interactions between teachers, learners, and peers across discursive and experiential levels, enabling educators to challenge technologies to deliver genuinely enhanced learning rather than merely digitizing conventional methods.",,,,,,,,,,,,,,,,,,,
ijCSCL_4_1_2,2009,4,1,2,stahl_hesse_2006_2015,no,Productive failure in CSCL groups,Manu Kapur & Charles K. Kinzer,c,8,"Groups solving unstructured physics problems without support struggled initially but subsequently outperformed peers who solved well-structured problems on individual transfer tasks. This confirmatory study with 177 eleventh-grade students demonstrates productive failure: complex, divergent collaborative processes seemingly leading to failure paradoxically enhanced later problem-solving performance, suggesting that the nature of collaborative interaction rather than prior knowledge or solution quality drives learning gains.",,,,,,,,,,,,,,,,,,,
ijCSCL_4_1_3,2009,4,1,3,stahl_hesse_2006_2015,no,A connective ethnography of peer knowledge sharing and diffusion in a tween virtual world,Deborah A. Fields & Yasmin B. Kafai,c,0,"Researchers used connective ethnography to trace how tweens ages 9-12 learned and shared an insider gaming practice—teleporting—across an after-school club, classrooms, and the virtual world Whyville.net. Integrating video, field notes, logfiles, and interviews, they found that most participants traversed multiple physical and virtual spaces to learn this practice, employing observation, questioning, and peer coaching. Knowledge diffusion occurred through informal, unstructured interactions rather than explicit instruction, demonstrating how virtual spaces expand peer-to-peer learning opportunities beyond traditional classroom boundaries.",,,,,,,,,,,,,,,,,,,
ijCSCL_4_1_4,2009,4,1,4,stahl_hesse_2006_2015,no,Learning to collaborate while being scripted or by observing a model,Nikol Rummel & Hans Spada & Sabine Hauser,c,10,"Observing a worked-out collaboration model with elaboration support proved most effective for improving computer-mediated collaborative problem-solving among medical and psychology students. Using an experimental design with five conditions, researchers found that model-based learning outperformed scripted collaboration on process quality and knowledge measures. Results challenge the prevailing positive view of collaboration scripts in CSCL research, suggesting adaptive scripting approaches instead.",,,,,,,,,,,,,,,,,,,
ijCSCL_4_1_5,2009,4,1,5,stahl_hesse_2006_2015,no,The power of natural frameworks: Technology and the question of agency in CSCL settings,Annika Lantz-Andersson,c,8,"# Summary This study analyzes how secondary school students frame computer-supported collaborative learning situations using video analysis of mathematics problem-solving with educational software. Results reveal students shift between social frameworks where they assume responsibility for understanding tasks and natural frameworks where they attribute difficulties to technology design. When receiving incorrect feedback without explanation, students often cease engaging with mathematical reasoning and instead attempt procedural workarounds, potentially avoiding accountability for learning while preserving self-esteem.",,,,,,,,,,,,,,,,,,,
ijCSCL_4_2_1,2009,4,2,1,stahl_hesse_2006_2015,no,The joint organization of interaction within a multimodal CSCL medium,Murat Perit Çakır & Alan Zemel & Gerry Stahl,c,8,"This ethnomethodological case study examines how three students organize collaborative mathematical problem-solving in a synchronous dual-interaction online environment combining text chat and shared whiteboard. Through sequential interaction analysis, the authors reveal that students co-construct shared mathematical understanding by coordinating visual, narrative, and symbolic representations across media. The indexical field formed by referential links between chat messages and whiteboard drawings establishes common ground, enabling group cognition and deep mathematical learning through multiple realizations of mathematical objects.",,,,,,,,,,,,,,,,,,,
ijCSCL_4_2_2,2009,4,2,2,stahl_hesse_2006_2015,no,Affordances revisited: Articulating a Merleau-Pontian view,Nina Bonderup Dohn,b,3,"This article develops a Merleau-Pontian account of affordances for CSCL, arguing that existing interpretations within the field contain unresolved ontological and epistemological tensions. The author proposes that affordances are dynamic, relational, and skill-relative properties existing independently of perception but relative to agents' body-schematic interaction potential. This framework shifts design and empirical research focus toward background structuring and learners' developing capabilities rather than mental models.",,,,,,,,,,,,,,,,,,,
ijCSCL_4_2_3,2009,4,2,3,stahl_hesse_2006_2015,no,Genre and CSCL: The form and rhetoric of the online posting,Norm Friesen,c,2,"This study applies genre analysis to online discussion postings in CSCL contexts, hypothesizing that educational postings share rhetorical characteristics with their epistolary precursor, the letter. Through content analysis of 136 postings, the author identifies 240 rhetorical markers reflecting epistolary dynamics, including salutations, present-tense references, and temporal references. Findings suggest that cultural and historical factors embedded in familiar genres significantly shape how students engage in online collaborative learning, beyond technological affordances alone.",,,,,,,,,,,,,,,,,,,
ijCSCL_4_2_4,2009,4,2,4,stahl_hesse_2006_2015,no,Exploring metaskills of knowledge-creating inquiry in higher education,Hanni Muukkonen & Minna Lakkala,c,16,"This study investigates metaskills required for knowledge-creating inquiry in higher education through an 11-week undergraduate psychology course using progressive inquiry and web-based collaboration. Qualitative analysis of database discourse and student self-reflections revealed three student groups exhibited varying engagement levels in collaborative object-oriented inquiry. Group C demonstrated superior skills in monitoring individual, collective, and object-oriented aspects of inquiry, while Groups A and B struggled with shared knowledge advancement. Findings suggest metaskills for collaborative knowledge creation develop through sustained socialization into inquiry practices emphasizing iterative development of shared epistemic objects.",,,,,,,,,,,,,,,,,,,
ijCSCL_4_2_5,2009,4,2,5,stahl_hesse_2006_2015,no,A knowledge-practice perspective on technology-mediated learning,Kai Hakkarainen,b,16,"Technology enhances learning through transformed social practices, not merely through tool implementation. While knowledge-building theory emphasizes idea advancement, this perspective argues that genuine educational transformation requires cultivating epistemic practices—socially embedded ways of working with knowledge—that channel intellectual efforts toward collective knowledge advancement. Material artifacts and social practices constitute dialectical unity in knowledge creation.",,,,,,,,,,,,,,,,,,,
ijCSCL_4_3_1,2009,4,3,1,stahl_hesse_2006_2015,no,Time is precious: Variable- and event-centred approaches to process analysis in CSCL research,Peter Reimann,c,13,"CSCL research often neglects temporal dimensions despite studying processes unfolding over weeks or months. Reimann argues that variable-centered variance theory inadequately captures long-term change, proposing event-centered analysis as a complementary approach. Event-based methods enable narrative explanation, accommodate multiple causality types, and facilitate integration of qualitative and quantitative analyses, offering CSCL researchers more appropriate tools for analyzing extended collaborative learning processes.",,,,,,,,,,,,,,,,,,,
ijCSCL_4_3_2,2009,4,3,2,stahl_hesse_2006_2015,no,"Distinguishing knowledge-sharing, knowledge- construction, and knowledge-creation discourses Jan van Aalst","construction, and knowledge-creation discourses Jan van Aalst",c,16,"This study distinguishes three discourse modes—knowledge sharing, knowledge construction, and knowledge creation—using a coding scheme applied to secondary students' asynchronous online discussions in Knowledge Forum about SARS and Avian Flu. Analysis of four student groups' discourses revealed one group engaged in knowledge-creation discourse with superior knowledge advancement, one in knowledge-sharing discourse, and two in hybrid modes. Community sense emerged as the primary differentiating factor.",,,,,,,,,,,,,,,,,,,
ijCSCL_4_3_3,2009,4,3,3,stahl_hesse_2006_2015,no,A three-level analysis of collaborative learning in dual-interaction spaces,Jacques Lonchamp,c,3,"This article presents a three-level qualitative interaction analysis methodology for dual-interaction spaces—CSCL systems combining shared artifact editing with synchronous communication. The approach analyzes collaborative learning traces at dialog, knowledge, and action levels to identify patterns and inform system customization. Applied to software engineering diagram construction, the method reveals how learners negotiate categorization rules through prototypical examples, enabling evidence-based improvements to learning environment design.",,,,,,,,,,,,,,,,,,,
ijCSCL_4_3_4,2009,4,3,4,stahl_hesse_2006_2015,no,Collaborative corrections with spelling control: Digital resources and peer assistance,Asta Cekaite,b,5,"Swedish eighth-graders collaboratively corrected spelling errors using Microsoft Word's spellchecker during English writing tasks. Through conversation analysis of video-recorded sessions, the study identified how diagnostic tools and spelling lists configured different correction practices. Students preferentially used diagnostic feedback for autonomous problem-solving before requesting peer assistance or spelling suggestions, demonstrating that underspecified software instructions created space for creative collaborative engagement and language learning.",,,,,,,,,,,,,,,,,,,
ijCSCL_4_3_5,2009,4,3,5,stahl_hesse_2006_2015,no,Web 2.0: Inherent tensions and evident challenges for education,Nina Bonderup Dohn,f,12,"Web 2.0 practices and educational systems embody fundamentally incompatible learning metaphors. While Web 2.0 emphasizes participatory, distributed knowledge construction with internal goals, education prioritizes individual knowledge acquisition for external purposes. This conceptual tension manifests practically in challenges regarding collaboration, evaluation criteria, and material authenticity when Web 2.0 tools are integrated into educational settings.",,,,,,,,,,,,,,,,,,,
ijCSCL_4_4_1,2009,4,4,1,stahl_hesse_2006_2015,no,Wikis to support the “collaborative” part of collaborative learning,Johann Ari Larusson & Richard Alterman,a,12,"Wikis provide an effective platform for supporting asynchronous, non-collocated collaborative learning when enhanced with awareness, navigation, and communication components. Two case studies demonstrate that prefabricated wiki structures function as coordinating representations, enabling both tightly coupled team design projects and loosely coupled co-blogging activities to maintain adequate intersubjective spaces for productive student collaboration.",,,,,,,,,,,,,,,,,,,
ijCSCL_4_4_2,2009,4,4,2,stahl_hesse_2006_2015,no,Earth science learning in SMALLab: A design experiment for mixed reality,David Birchfield & Colleen Megowan-Romanowicz,b,6,"This design experiment examined how mixed-reality environments support collaborative earth science learning. Researchers implemented SMALLab, a semi-immersive platform enabling colocated students to interact face-to-face within computationally mediated spaces. A 3-day intervention with 72 high school students revealed significantly increased student-to-student exchanges compared to traditional instruction and notable achievement gains on concept assessments, suggesting mixed-reality technology's potential for enhancing K-12 collaborative learning when properly designed.",,,,,,,,,,,,,,,,,,,
ijCSCL_4_4_3,2009,4,4,3,stahl_hesse_2006_2015,no,Contrasting the use of tools for presentation and critique: Some cases from architectural education,Gustav Lymer & Jonas Ivarsson & Oskar Lindwall,c,3,"This ethnomethodological video analysis of architectural design reviews examines how presentation technologies shape critique practices. Comparing poster-based, digital slideshow, and hybrid setups across 143 sessions, the study reveals that digital technologies fundamentally transform sequential organization, shared attention, and part-whole relations during discussion and assessment. The findings suggest that presentation tools designed primarily for delivery may inadequately support subsequent critique, highlighting the need for spatially organized interfaces better suited to collaborative design review practices.",,,,,,,,,,,,,,,,,,,
ijCSCL_4_4_4,2009,4,4,4,stahl_hesse_2006_2015,no,An ontology engineering approach to the realization of theory-driven group formation,Seiji Isotani & Akiko Inaba & Mitsuru Ikeda & Riichiro Mizoguchi,a,4,"This research presents an ontology-based framework for theory-driven group formation in collaborative learning. Using ontological engineering, the authors formalize learning theory concepts to guide group composition, role assignment, and activity design. A proof-of-concept experiment with four instructors and twenty participants demonstrated that groups formed according to pedagogical theory specifications showed significantly better performance and more meaningful interactions than control groups, suggesting ontologies effectively operationalize learning theories for improved collaborative learning outcomes.",,,,,,,,,,,,,,,,,,,
ijCSCL_5_1_1,2010,5,1,1,stahl_hesse_2006_2015,no,"A framework for conceptualizing, representing, and analyzing distributed interaction",Daniel D. Suthers & Nathan Dwyer & Richard Medina & Ravi Vatrapu,c,4,"# Summary Suthers and colleagues present an uptake analysis framework for analyzing distributed technology-mediated interaction. The framework uses contingency graphs—abstract transcripts representing events as vertices and relationships between events as edges—to unify interaction data across multiple media and temporal scales. Uptake, defined as participants taking prior events as relevant for ongoing activity, serves as the conceptual foundation. The authors demonstrate the framework's utility through qualitative and quantitative analyses of synchronous and asynchronous collaborative learning data, arguing it enables both microanalysis and scaled statistical analysis while supporting dialogue across diverse CSCL methodologies.",,,,,,,,,,,,,,,,,,,
ijCSCL_5_1_2,2010,5,1,2,stahl_hesse_2006_2015,no,Computer-supported argumentation: A review of the state of the art,Oliver Scheuer & Frank Loll & Niels Pinkwart & Bruce M. McLaren,b,9,"Computer-supported argumentation systems have evolved over 15-20 years to support and teach argumentation skills across domains. This literature review examines 50 systems, analyzing argument representations, interaction designs, ontologies, automated analysis techniques, and empirical findings. Key results show that visual representations and structured interaction designs improve argumentative discourse, while macro-level pedagogical scripts enhance learning outcomes. However, conflicting empirical results reveal the need for comprehensive theoretical frameworks and systematic comparative studies.",,,,,,,,,,,,,,,,,,,
ijCSCL_5_1_3,2010,5,1,3,stahl_hesse_2006_2015,no,Exploring whether students’ use of labelling depends upon the type of activity,Eva Mary Bures & Philip C. Abrami & Richard F. Schmid,c,2,"This mixed-methods study examined whether graduate students use labeling features less frequently during structured versus unstructured online dialogue. Participants (n=37) engaged in two activities: an unstructured discussion and a HipBone Game with predetermined structure. Results showed significantly reduced label usage during the structured activity, with 62% using labels multiple times unstructured versus 46% structured. Students preferred the structured dialogue but reported mixed satisfaction with labeling. Findings suggest structured activities provide alternative scaffolding, potentially rendering labeling features redundant.",,,,,,,,,,,,,,,,,,,
ijCSCL_5_1_4,2010,5,1,4,stahl_hesse_2006_2015,no,Toward a dialectic relation between the results in CSCL: Three critical methodological aspects of content analysis schemes,Marc Clarà & Teresa Mauri,c,14,"This paper proposes a framework of indicators based on three critical methodological aspects—units of analysis, relations between theoretical levels, and dimensions of analysis—to facilitate reciprocal positioning of content analysis results in CSCL research. Rather than seeking theoretical integration across diverse approaches, the authors argue for dialectical relations that reveal tensions and enable mutual theoretical development within the field's inherent methodological diversity.",,,,,,,,,,,,,,,,,,,
ijCSCL_5_2_1,2010,5,2,1,stahl_hesse_2006_2015,no,Mr. Vetro: A Collective Simulation for teaching health science,Andri Ioannidou & Alexander Repenning & David Webb & Diane Keyser & Lisa Luhn & Christof Daetwyler,b,7,"Mr. Vetro is a collective simulation where students collaboratively control physiological organs on networked computers to learn about system interactions. Formal evaluation across 400 high school students demonstrated significant learning gains in physiological knowledge and vocabulary, increased inquiry-based teaching practices, and positive real-life health behavior changes, though attitudes toward science remained relatively stable.",,,,,,,,,,,,,,,,,,,
ijCSCL_5_2_2,2010,5,2,2,stahl_hesse_2006_2015,no,Animation and grammar in science education: Learners’ construal of animated educational software Göran Karlsson,Goran Karlsson,b,5,"This case study examines how two upper-secondary students collaboratively interpret animated biochemical processes through written reports. Using interaction analysis of video-recorded sessions, the research reveals that students' grammatically constructed narratives prioritize perceptually salient animated features as active subjects, deriving noun phrases from animation and educational text while substituting verbs with everyday language. Without sufficient subject-matter knowledge, students cannot evaluate adequacy and rely solely on grammatical correctness, resulting in non-scientific explanations. The findings emphasize that technology-supported science education requires consideration of both cultural and semiotic processes.",,,,,,,,,,,,,,,,,,,
ijCSCL_5_2_3,2010,5,2,3,stahl_hesse_2006_2015,no,Scripting a distance-learning university course: Do students benefit from net-based scripted collaboration?,Joerg M. Haake & Hans-Rüdiger Pfister,b,10,"This experimental field study examined whether scripted collaboration benefits net-based learning in a semester-long university operating systems course. Forty-two student groups performed brainstorming, clustering, and essay-writing tasks either with system-enforced scripts or non-scripted instructions. Results showed no general advantage of scripting for knowledge acquisition or task performance. However, principal component analysis revealed scripting slightly improved essay coherence and comprehensibility, suggesting benefits for complex tasks requiring deeper understanding.",,,,,,,,,,,,,,,,,,,
ijCSCL_5_2_4,2010,5,2,4,stahl_hesse_2006_2015,no,Distributed leadership in online groups,Julia Gressick & Sharon J. Derry,c,4,"In an asynchronous online learning environment, pre-service teachers working in small groups demonstrated highly distributed leadership across all members, with different leadership forms showing varying distribution patterns. While successful group performance was not directly predicted by overall leadership distribution patterns, qualitative analysis revealed that effective groups developed internal organizational structures and positive interpersonal dynamics that facilitated both peer and instructor engagement, suggesting emergent distributed leadership offers a viable alternative to scripted collaborative roles.",,,,,,,,,,,,,,,,,,,
ijCSCL_5_2_5,2010,5,2,5,stahl_hesse_2006_2015,no,Promoting metacognitive skills through peer scaffolding in a CSCL environment,Manoli Pifarre & Ruth Cobos,c,4,"A longitudinal case study of 18 university students using the KnowCat knowledge-building system over two semesters examined how peer scaffolding develops metacognitive skills in computer-supported collaborative learning. Content analysis of student annotations revealed statistically significant increases in metacognitive processes, particularly in monitoring and clarity-seeking behaviors. Results suggest pedagogical use of CSCL environments with structured peer feedback effectively enhances students' self-regulation and collaborative problem-solving capabilities.",,,,,,,,,,,,,,,,,,,
ijCSCL_5_3_1,2010,5,3,1,stahl_hesse_2006_2015,no,Online moderation of synchronous e-argumentation,Christa S. C. Asterhan & Baruch B. Schwarz,c,9,"This exploratory study examines effective online moderation of synchronous small-group argumentation in co-located classrooms. Through student questionnaires and protocol analyses of moderated discussions using Digalo software, researchers found that generic scaffolding prompts—effective in face-to-face settings—were ineffective in synchronous e-discussions. Instead, content-specific, involved moderation styles that disguised scaffolding as peer participation proved more effective and appreciated by students.",,,,,,,,,,,,,,,,,,,
ijCSCL_5_3_2,2010,5,3,2,stahl_hesse_2006_2015,no,Scaffolding problem-based learning with CSCL tools,Jingyan Lu & Susanne P. Lajoie & Jeffrey Wiseman,b,8,"Interactive whiteboards fundamentally altered teacher scaffolding in medical problem-based learning. This case study compared traditional whiteboard versus interactive whiteboard conditions during deteriorating patient simulations with medical students. Results revealed that interactive whiteboards enabled teachers to visualize all student groups' work simultaneously, allowing them to increase problem complexity and reduce task-structuring guidance. Technology expanded scaffolding choices by externalizing collaborative problem-solving processes.",,,,,,,,,,,,,,,,,,,
ijCSCL_5_3_3,2010,5,3,3,stahl_hesse_2006_2015,no,How digital concept maps about the collaborators’ knowledge and information influence computer-supported collaborative problem solving,Tanja Engelmann & Friedrich W. Hesse,b,4,"Digital concept maps displaying collaborators' knowledge structures and information resources enhance computer-supported collaborative problem-solving. This experimental study compared 40 triads—20 with access to partners' concept maps and 20 without—on problem-solving tasks. Results demonstrated that groups with map access acquired greater knowledge-and-information awareness, focused on problem-relevant information, and solved problems faster and more accurately than control groups.",,,,,,,,,,,,,,,,,,,
ijCSCL_5_3_4,2010,5,3,4,stahl_hesse_2006_2015,no,S-COL: A Copernican turn for the development of flexibly reusable collaboration scripts,Christof Wecker & Karsten Stegmann & Florian Bernstein & Michael J. Huber & Georg Kalus & Ingo Kollar & Sabine Rathmayer & Frank Fischer,a,10,"S-COL is a browser-based tool enabling flexible reuse of collaboration scripts across diverse web-based learning platforms. Rather than embedding scripts within specific platforms, S-COL implements scripts in the browser and triggers them by recognizing functionally equivalent page types. An empirical study demonstrated that a collaboration script for online search implemented in S-COL effectively increased students' engagement in early-stage search activities, supporting the tool's feasibility for sustainable script development and reuse.",,,,,,,,,,,,,,,,,,,
ijCSCL_5_3_5,2010,5,3,5,stahl_hesse_2006_2015,no,Revealing preconditions for trustful collaboration in CSCL,Anne Gerdes,c,7,"This philosophical analysis examines preconditions for trust in virtual learning environments. Through phenomenological inquiry and case analysis, the author argues that self-surrender—fundamental to human communication—is undermined by surveillance and impression management in online learning systems. Drawing on open-source community models, the study concludes that volunteerism, self-articulation of goals, and inquiry-based teaching methods can foster mastery-oriented learning and authentic collaborative engagement.",,,,,,,,,,,,,,,,,,,
ijCSCL_5_4_1,2010,5,4,1,stahl_hesse_2006_2015,no,Can the interactive whiteboard support young children’s collaborative communication and thinking in classroom science activities?,Ruth Kershner & Neil Mercer & Paul Warwick & Judith Kleine Staarman,b,5,"Interactive whiteboards can support young children's collaborative communication and thinking in primary science, but effectiveness depends on multiple interacting factors. Through observational analysis of twelve classrooms, researchers found the IWB facilitates productive dialogue when combined with teacher scaffolding, established ""talk rules,"" and appropriate classroom participation structures. However, the technology alone is not pedagogically transformative; success requires careful integration with other classroom resources and attention to both social and cognitive dimensions of collaborative learning.",,,,,,,,,,,,,,,,,,,
ijCSCL_5_4_2,2010,5,4,2,stahl_hesse_2006_2015,no,Sharing and cultivating tacit knowledge in an online learning environment,Meng Yew Tee & Dennis Karney,c,7,"Online graduate business students cultivated tacit knowledge through a strategic management course using naturalistic inquiry methodology. The course combined readings, threaded discussions, and a simulation game, creating a ""ba"" (shared context) that encouraged socialization, externalization, combination, and internalization processes aligned with Nonaka's knowledge creation model. Students reported learning tacit dimensions impossible to acquire from textbooks alone.",,,,,,,,,,,,,,,,,,,
ijCSCL_5_4_3,2010,5,4,3,stahl_hesse_2006_2015,no,Using activity theory to understand intergenerational play: The case of Family Quest,Sinem Siyahhan & Sasha A. Barab & Michael P. Downton,c,0,"# Summary This study examined intergenerational play between parents and children (ages 9-13) using Quest Atlantis, an educational 3D game, through activity theory analysis. Five-week observations of seven parent-child dyads revealed that successful collaborative gaming required shared intentions and expertise exchange. While outcomes varied across dyads, the research demonstrated that educational video games can facilitate meaningful family bonding and learning, particularly when designed to encourage parents and children to leverage complementary skills around personally relevant narratives.",,,,,,,,,,,,,,,,,,,
ijCSCL_5_4_4,2010,5,4,4,stahl_hesse_2006_2015,no,The collaborative construction of chronotopes during computer-supported collaborative professional tasks,Maria Beatrice Ligorio & Giuseppe Ritella,c,5,"# Summary This study analyzes how teachers collaboratively construct spatial and temporal frameworks during computer-supported professional planning using qualitative video analysis of six sessions. The researchers identified three distinct chronotopes—Adagio, Andante, and Allegretto—representing different interaction tempos shaped by tool features, activity complexity, and participant expertise. Results demonstrate that technology mediates collaboration by creating multiple overlapping spaces where different types of coordination emerge, revealing how space-time co-construction fundamentally influences group professional work.",,,,,,,,,,,,,,,,,,,
ijCSCL_6_1_1,2011,6,1,1,stahl_hesse_2006_2015,no,"The Singapore experience: Synergy of national policy, classroom practice and design research",Chee-Kit Looi & Hyo-Jeong So & Yancy Toh & Wenli Chen,f,13,"Singapore's systemic approach to CSCL integration demonstrates how design research methodology bridges macro-level policy, meso-level school implementation, and micro-level classroom interactions. Through the GroupScribbles project across multiple schools, researchers co-designed collaborative learning activities with teachers, developed design principles for rapid collaborative knowledge improvement, and achieved sustainable adoption. This multi-level alignment of policy, practice, and research provides a model for scaling CSCL innovations while addressing real classroom constraints.",,,,,,,,,,,,,,,,,,,
ijCSCL_6_1_2,2011,6,1,2,stahl_hesse_2006_2015,no,Temporality matters: Advancing a method for analyzing problem-solving processes in a computer-supported collaborative environment,Manu Kapur,c,4,"This study advances Lag-sequential Analysis (LsA) as a quantitative method for examining temporal patterns in computer-supported collaborative learning groups. Applied to synchronous online problem-solving discussions, LsA revealed significant sequential interaction patterns invisible to traditional ""coding and counting"" approaches. Critically, temporal transition patterns between process categories emerged as the strongest predictor of group performance, demonstrating that analyzing the order and sequence of collaborative interactions—not merely their frequency—is essential for understanding collaborative learning processes.",,,,,,,,,,,,,,,,,,,
ijCSCL_6_1_3,2011,6,1,3,stahl_hesse_2006_2015,no,Learning the physics of electricity: A qualitative analysis of collaborative processes involved in productive failure,Suneeta A. Pathak & Beaumie Kim & Michael J. Jacobson & Baohui Zhang,c,8,"This qualitative study examines collaborative problem-solving dynamics in physics education using computer-supported learning. Two student dyads—one experiencing productive failure through initial low-structured activities followed by high-structured ones, and another receiving only high-structured activities—solved electricity problems using NetLogo models. Analysis of video, screen captures, and solutions revealed that initial struggle enabled deeper engagement with the model and reflective reasoning, while over-scripted activities hindered meaningful collaboration and conceptual understanding.",,,,,,,,,,,,,,,,,,,
ijCSCL_6_1_4,2011,6,1,4,stahl_hesse_2006_2015,no,Exploring e-learners' perceptions of net-based peer-reviewed English writing,Zi-gang Ge,c,2,"This study examined asynchronous, blind peer review for improving Chinese adult e-learners' English writing. Thirty-six students divided into three ability groups participated in a year-long experiment with rotating cross-group peer reviews mediated by the instructor. Results showed all groups improved, with lower-ability students making greater progress than higher-ability students. However, high-ability students became discouraged when paired with lower-ability peers for extended periods, suggesting flexible grouping strategies may be necessary.",,,,,,,,,,,,,,,,,,,
ijCSCL_6_1_5,2011,6,1,5,stahl_hesse_2006_2015,no,The logic of wikis: The possibilities of the Web 2.0 classroom,Michael Glassman & Min Ju Kang,b,12,"Web 2.0 tools like wikis and blogs can enable Dewey's vision of democratic education by supporting abductive reasoning—the logic of hypothesis generation essential for creative problem-solving. Unlike traditional deductive approaches emphasizing certainty, abduction requires simultaneously maintaining multiple competing premises, a capability previously impossible in classrooms but now feasible through hypertext-based technologies that create scale-free networks of interconnected information nodes.",,,,,,,,,,,,,,,,,,,
ijCSCL_6_1_6,2011,6,1,6,stahl_hesse_2006_2015,no,Perspective taking and synchronous argumentation for learning the day/night cycle,Baruch B. Schwarz & Yaron Schur & Haim Pensso & Naama Tayer,c,9,"Combining perspective-taking through pictures and synchronous computer-supported argumentation promotes conceptual learning of the day/night cycle in Grade 8 students. Using the Digalo tool and design-research methodology with pre-post testing, the study found significant improvements in mental models, elaboration, and knowledge integration. However, teacher mediation during small-group discussions did not enhance learning outcomes, suggesting that meticulous task design and peer argumentation were primary drivers of conceptual change.",,,,,,,,,,,,,,,,,,,
ijCSCL_6_2_1,2011,6,2,1,stahl_hesse_2006_2015,no,Bridging research and practice: Implementing and sustaining knowledge building in Hong Kong classrooms Carol K. K. Chan,Carol Chan,b,13,"# Summary This article examines how computer-supported collaborative learning (CSCL) research translates into classroom practice through a case study of knowledge-building implementation in Hong Kong schools. Using design-based research across macro (policy), meso (teacher networks), and micro (classroom) levels, the study identifies three critical themes: systemic alignment across educational levels, capacity building through principle-based teacher communities, and innovation as continuous inquiry. Findings demonstrate that sustained CSCL adoption requires coordinating institutional policies, teacher professional development networks, and classroom design while adapting research models to local socio-cultural contexts.",,,,,,,,,,,,,,,,,,,
ijCSCL_6_2_2,2011,6,2,2,stahl_hesse_2006_2015,no,Wiki-supported collaborative learning in primary education: How a dialogic space is created for thinking together,Manoli Pifarré & Judith Kleine Staarman,c,12,"This study examined how wikis support primary students' collaborative knowledge construction through a dialogic lens. Twenty-five students engaged in a science project using MediaWiki, combining asynchronous wiki interaction with synchronous face-to-face collaboration. Analysis revealed students developed exploratory, cumulative, and disputational talk patterns, establishing intersubjective understanding. The collaborative wiki text demonstrated greater complexity, length, and reasoning than initial individual proposals, supporting the claim that dialogic approaches enhance wiki-based collaborative learning.",,,,,,,,,,,,,,,,,,,
ijCSCL_6_2_3,2011,6,2,3,stahl_hesse_2006_2015,no,An information processing perspective on divergence and convergence in collaborative learning Robert L. Jorczak,Robert L. Jorczak,c,4,"Jorczak proposes a Collaborative Information Processing (CIP) model explaining how peer discussion facilitates learning through information divergence and convergence. Using information processing theory, the model demonstrates that groups benefit from diverse member perspectives triggering conceptual conflict, followed by convergent processes achieving shared understanding. The CIP framework unifies cognitive and social interaction theories, predicting that heterogeneous groups and divergent information exchange enhance collaborative learning outcomes.",,,,,,,,,,,,,,,,,,,
ijCSCL_6_2_4,2011,6,2,4,stahl_hesse_2006_2015,no,Comparing the effects of representational tools in collaborative and individual inquiry learning,Bas Kolloffel & Tessa H. S. Eysink & Ton de Jong,b,8,"Collaborative learners significantly outperformed individual learners in combinatorics and probability inquiry learning, particularly on intuitive and situational knowledge. Using a pre-test/post-test design with 61 collaborative dyads and 95 individual students, three representational tool formats (conceptual, arithmetical, textual) were compared. Results showed collaboration's benefits persisted regardless of tool use, while individual learners benefited from externalization. Representational format did not directly enhance specific knowledge types as hypothesized, though approximately 50% adopted conceptual or textual tools versus only 20% using arithmetical formats.",,,,,,,,,,,,,,,,,,,
ijCSCL_6_2_5,2011,6,2,5,stahl_hesse_2006_2015,no,"A multimodal approach to coding discourse: Collaboration, distributed cognition, and geometric reasoning",Michael A. Evans & Eliot Feenstra & Emily Ryon & David McNeill,c,1,"Researchers developed a multimodal coding framework to analyze distributed cognition in young children's collaborative problem-solving. Using speech, gesture, and gaze analysis, they tracked ""coreferences""—shared references to objects, participants, and concepts—across three discourse levels. Applied to 7-8-year-olds solving tangrams physically and virtually, findings revealed increased meta-level communication and coalition formation in computer-supported settings, with dominant participants showing greater influence in virtual versus physical environments.",,,,,,,,,,,,,,,,,,,
ijCSCL_6_2_6,2011,6,2,6,stahl_hesse_2006_2015,no,Designing automated adaptive support to improve student helping behaviors in a peer tutoring activity,Erin Walker & Nikol Rummel & Kenneth R. Koedinger,b,8,"Researchers used a four-phase iterative design process to develop adaptive support for peer tutoring in algebra. Through user needs analysis, system design, classroom experimentation, and qualitative case analysis, they found that adaptive assistance improved conceptual help quality and sentence classifier usage compared to fixed support, though learning gains were not significantly different. The study demonstrates how accountability-focused design principles can enhance collaborative help-giving behaviors.",,,,,,,,,,,,,,,,,,,
ijCSCL_6_2_7,2011,6,2,7,stahl_hesse_2006_2015,no,CSCL for intellectually disabled pupils: Stimulating interaction by using a floor control mechanism,Ulrike Cress & Katrin Wodzicki & Martina Bientzle & Andreas Lingnau,c,1,"This study examined whether floor control mechanisms—restricting simultaneous actions in collaborative learning environments—improve interaction quality for intellectually disabled pupils. Twenty pupils completed a furniture-sorting task in pairs using tablet PCs, comparing floor control versus unrestricted conditions. Results showed floor control reduced relocations, decreased coordinative communication, and increased content-related discussion, particularly when pupils disagreed or faced difficult symbols, while producing slightly higher-quality collaborative outcomes.",,,,,,,,,,,,,,,,,,,
ijCSCL_6_3_1,2011,6,3,1,stahl_hesse_2006_2015,no,Student use of Facebook for organizing collaborative classroom activities,Cliff Lampe & Donghee Yvette Wohn & Jessica Vitak & Nicole B. Ellison & Rick Wash,b,4,"Two survey studies examined how undergraduate students repurpose Facebook for classroom organizing. Study 1 (N=302) found that Facebook intensity and willingness to contact instructors predicted collaboration propensity. Study 2 (N=214) revealed two distinct collaboration types: positive (instructor-approved) and negative (unapproved), with different predictors including self-efficacy and relational communication strategies, suggesting how students use Facebook matters more than frequency.",,,,,,,,,,,,,,,,,,,
ijCSCL_6_3_2,2011,6,3,2,stahl_hesse_2006_2015,no,Identity presence and knowledge building: Joint emergence in online learning environments?,Fengfeng Ke & Alicia F. Chávez & Pei-Ni L. Causarano & Antonio Causarano,c,16,"This mixed-method study examined identity presence in seven online courses and its relationship to knowledge building. Using discourse analysis of 1,817 discussion posts, researchers found that posts expressing personal experiences, cultural perspectives, and age-related views elicited significantly more responses and correlated with knowledge-sharing interactions. However, identity presence did not significantly predict higher-level collaborative knowledge construction, suggesting online learners prioritize self-expression over negotiating shared understanding.",,,,,,,,,,,,,,,,,,,
ijCSCL_6_3_3,2011,6,3,3,stahl_hesse_2006_2015,no,Agent-based dynamic support for learning from collaborative brainstorming in scientific inquiry,Hao-Chuan Wang & Carolyn P. Rosé & Chun-Yen Chang,b,4,"This study examines learning during collaborative brainstorming through two controlled experiments manipulating individual versus pair work and system support. Results reveal that while pair brainstorming produces process losses in idea generation, it enhances multi-perspective learning. The VIBRANT agent's automatic feedback improves connection-based learning. An enhanced version in study two shows promise for mitigating productivity losses associated with collaborative work.",,,,,,,,,,,,,,,,,,,
ijCSCL_6_3_4,2011,6,3,4,stahl_hesse_2006_2015,no,Scaffolding collaborative technical writing with procedural facilitation and synchronous discussion,Shiou-Wen Yeh & Jia-Jiunn Lo & Jeng-Jia Huang,b,2,"Researchers developed Process-Writing Wizard, a computer-supported system combining procedural scaffolding and synchronous chat to facilitate collaborative technical writing among EFL students. An experimental study with 48 students compared the system against standard chat. Results showed experimental group students demonstrated significantly higher perceived usefulness, positive attitudes, and stronger intention to reuse the system. Their articles exhibited superior content and organization quality, and synchronous discussions focused more on article-related interactions rather than social exchanges.",,,,,,,,,,,,,,,,,,,
ijCSCL_6_3_5,2011,6,3,5,stahl_hesse_2006_2015,no,Are two heads always better than one? Differential effects of collaboration on students’ computer-supported learning in mathematics,Dejana Mullins & Nikol Rummel & Hans Spada,a,8,"Collaboration's effectiveness in mathematics learning depends on instructional material type. This experimental study compared individual versus collaborative learning with conceptual and procedural algebra instruction in a computer-supported environment. Results showed collaboration enhanced conceptual knowledge acquisition through mutual elaboration, but hindered procedural skill development due to task distribution and reduced practice opportunities.",,,,,,,,,,,,,,,,,,,
ijCSCL_6_3_6,2011,6,3,6,stahl_hesse_2006_2015,no,Analyzing temporal patterns of knowledge construction in a role-based online discussion,Alyssa Friend Wise & Ming Ming Chiu,c,15,"This study analyzed temporal patterns of knowledge construction in role-based online discussions using content analysis and statistical discourse analysis. Examining 252 posts from 21 university students, researchers identified pivotal posts that divided discussions into distinct segments. Results showed most discussions progressed from lower to higher knowledge construction phases, with mid-discussion summaries by Synthesizer and Wrapper roles acting as pivotal posts that elevated subsequent discussion quality, supporting the progressive nature of collaborative knowledge construction.",,,,,,,,,,,,,,,,,,,
ijCSCL_6_3_7,2011,6,3,7,stahl_hesse_2006_2015,no,The impact of scripted roles on online collaborative learning processes,Francesca Pozzi,c,4,"This pilot study examined how scripted ""opinion-centered"" roles impact online collaborative learning in an asynchronous text-based environment. Using content analysis of 209 student messages and post-activity questionnaires, researchers evaluated four dimensions: participative, social, cognitive, and teaching. Results showed roles effectively fostered group cohesion and knowledge building, though metacognition remained underdeveloped. Students' perceptions largely aligned with message analysis, indicating awareness of the collaborative process.",,,,,,,,,,,,,,,,,,,
ijCSCL_6_4_1,2011,6,4,1,stahl_hesse_2006_2015,no,Interactive tabletops in education,Pierre Dillenbourg & Michael Evans,b,6,"Interactive tabletops support co-located collaborative learning through hands-on manipulation of objects, conveying socio-constructivist pedagogical approaches. This analytical framework examines 33 design considerations across four levels: user-system interaction, teamwork dynamics, classroom orchestration, and socio-cultural contexts. The authors argue that tabletops' educational effectiveness depends on thoughtful design addressing these specific affordances rather than inherent technological properties.",,,,,,,,,,,,,,,,,,,
ijCSCL_6_4_2,2011,6,4,2,stahl_hesse_2006_2015,no,Multi-touch tables and the relationship with collaborative classroom pedagogies: A synthetic review,Steven E. Higgins & Emma Mercier & Elizabeth Burd & Andrew Hatch,b,6,"Multi-touch tables offer significant potential for supporting collaborative classroom learning through their design features. This synthetic review proposes a typology categorizing hardware characteristics—surface geometry and display type, touch sensing capabilities, and connectivity—to analyze how technical affordances align with pedagogical goals. Evidence suggests horizontal multi-touch surfaces enable more equitable participation and task-focused interaction than traditional single-touch technologies, though text entry limitations and teacher orchestration challenges require further investigation.",,,,,,,,,,,,,,,,,,,
ijCSCL_6_4_3,2011,6,4,3,stahl_hesse_2006_2015,no,Interfering and resolving: How tabletop interaction facilitates co-construction of argumentative knowledge,Taciana Pontual Falcão & Sara Price,c,6,"Peer interference in shared tabletop interfaces can productively support argumentative knowledge co-construction during exploratory science learning. Analyzing 43 students aged 11-14 interacting with a tangible light-behavior simulation, researchers applied Weinberger and Fischer's consensus-building framework to interference episodes. Integration-oriented consensus building—where students reflected on and incorporated peers' contributions—consistently produced productive learning, while conflict-oriented approaches typically yielded counter-productive outcomes.",,,,,,,,,,,,,,,,,,,
ijCSCL_6_4_4,2011,6,4,4,stahl_hesse_2006_2015,no,Collaboration within large groups in the classroom,Eyal Szewkis & Miguel Nussbaum & Tal Rosen & Jose Abalos & Fernanda Denardin & Daniela Caballero & Arturo Tagle & Cristian Alcoholado,c,1,"This study investigates large-group classroom collaboration using Single Display Groupware with multiple mice and minimal hardware. Through an experimental design comparing 42 students using the system for 40% of class time against 32 control students, researchers found that ""silent collaboration""—a negotiation mechanism enabling object exchanges—effectively facilitated synchronous learning in Spanish language tasks. Results demonstrated significant learning gains and successful achievement of collaborative conditions, suggesting this low-cost approach enables effective large-group computer-supported collaborative learning.",,,,,,,,,,,,,,,,,,,
ijCSCL_6_4_5,2011,6,4,5,stahl_hesse_2006_2015,no,Guided reciprocal questioning to support children’s collaborative storytelling,Giulia Gelmini-Hornsby & Shaaron Ainsworth & Claire O’Malley,c,2,"Guided Reciprocal Peer Questioning (GRPQ) scripts significantly enhance children's collaborative storytelling through increased interactive discussion. Using a within-subjects design with 36 six-to-seven-year-olds creating stories with KidPad, the study found that question prompts promoted longer, more evaluatively rich, and more coherent stories. Benefits largely persisted after scaffold withdrawal, suggesting children internalized the questioning approach and can apply it independently.",,,,,,,,,,,,,,,,,,,
ijCSCL_6_4_6,2011,6,4,6,stahl_hesse_2006_2015,no,Scaffolding of small groups’ metacognitive activities with an avatar,Inge Molenaar & Ming Ming Chiu & Peter Sleegers & Carla van Boxtel,b,16,"Avatar-based metacognitive scaffolding in small group learning environments influences student knowledge acquisition through mediation by metacognitive activities. Multivariate multilevel analysis of 51,339 conversation turns from 54 elementary students revealed that problematizing scaffolds (eliciting student explanations) produced greater domain knowledge than structuring scaffolds (providing examples), with metacognitive activities mediating these effects. Both scaffold types enhanced metacognitive knowledge primarily through increased metacognitive engagement.",,,,,,,,,,,,,,,,,,,
ijCSCL_6_4_7,2011,6,4,7,stahl_hesse_2006_2015,no,"Building a community among teachers, researchers and university students. A blended approach to training",Donatella Cesareni & Francesca Martini & Ilaria Mancini,b,13,"# Summary This case study examined a blended learning community of 45 Italian teachers, researchers, and university students participating in the ITCOLE project. Using qualitative analysis of face-to-face and online interactions, researchers found that expert teachers assumed central roles while novice teachers engaged in legitimate peripheral participation, gradually becoming more competent community members. Teachers recognized CSCL's innovative potential for student motivation and collaborative knowledge building, though they identified challenges including technical infrastructure limitations and heavy workload demands.",,,,,,,,,,,,,,,,,,,
ijCSCL_7_1_1,2012,7,1,1,stahl_hesse_2006_2015,no,Making rounds: The routine work of the teacher during collaborative learning with computers,Christian Greiffenhagen,c,5,"This ethnomethodological study analyzes teacher interventions during collaborative computer-based learning using video recordings of English lessons with storyboarding software. Through detailed conversation analysis of naturally occurring classroom interactions, the author identifies five types of teacher practices: ratifying pupil work, reminding pupils of task requirements, making suggestions for improvement, maintaining classroom control, and making whole-class announcements. The analysis reveals that classroom management and pedagogy are intertwined rather than separate, and tensions between teacher and pupil perspectives are collaborative rather than antagonistic.",,,,,,,,,,,,,,,,,,,
ijCSCL_7_1_2,2012,7,1,2,stahl_hesse_2006_2015,no,How gamers manage aggression: Situating skills in collaborative computer games,Ulrika Bennerstedt & Jonas Ivarsson & Jonas Linderoth,c,0,"Using ethnomethodological analysis of boss encounters in a massively multiplayer online game, this study examines skills gamers develop during collaborative gameplay involving portrayed aggression. The researchers found that ""aggression"" and ""collaboration"" manifest as highly specialized, game-specific practices—particularly aggro management—rather than transferable general skills. The analysis challenges assumptions underlying both positive and negative gaming effects research, arguing that claims about behavioral transfer require explicit theoretical justification and risk oversimplification.",,,,,,,,,,,,,,,,,,,
ijCSCL_7_1_3,2012,7,1,3,stahl_hesse_2006_2015,no,The multivoicedness of game play: Exploring the unfolding of a student’s learning trajectory in a gaming context at school,Kenneth Silseth,c,0,"This qualitative case study examines how classroom interactions facilitate a student's learning trajectory while playing the educational game Global Conflicts: Palestine. Using sociocultural and dialogic analysis of video-recorded gameplay and discussions, the research demonstrates that computer games become learning resources through collaborative meaning-making. The teacher's role in orchestrating dialogic spaces where multiple perspectives ""inter-animate"" each other proved crucial for developing nuanced understanding of the Israeli-Palestinian conflict's complexity.",,,,,,,,,,,,,,,,,,,
ijCSCL_7_1_4,2012,7,1,4,stahl_hesse_2006_2015,no,Personal and shared experiences as resources for meaning making in a philosophy of science course,Maarit Arvaja,c,16,"Health education students in an online philosophy of science course used personal work experiences and peer contributions as meaning-making resources. Analysis of individual writings and discussions revealed three epistemic activities: applying theoretical concepts to practice, forming conceptions, and critiquing. Peer interactions involved elaboration and sharing discourse. Results demonstrate that connecting abstract philosophical knowledge to lived experience enhanced understanding while fostering boundary crossing between institutional and personal knowledge contexts.",,,,,,,,,,,,,,,,,,,
ijCSCL_7_1_5,2012,7,1,5,stahl_hesse_2006_2015,no,Collaboration amidst disagreement and moral judgment: The dynamics of Jewish and Arab students’ collaborative inquiry of their joint past,Sarah Pollack & Yifat Ben-David Kolikant,c,2,"Israeli Jewish and Arab students collaboratively investigated a historical event through computer-supported learning, analyzing conflicting narratives via wiki-based discussion. Despite persistent disagreement, students' post-activity individual answers demonstrated enriched historical understanding, incorporating multiple perspectives and reduced one-sidedness. The researchers propose ""fission""—moments when opposing voices create cracks in individual perspectives, fostering polyphonic thinking without requiring consensus.",,,,,,,,,,,,,,,,,,,
ijCSCL_7_1_6,2012,7,1,6,stahl_hesse_2006_2015,no,"Linking teacher beliefs, practices and student inquiry-based learning in a CSCL environment: A tale of two teachers",Yangjie Song & Chee-Kit Looi,c,5,"Teachers holding innovation-oriented beliefs about inquiry-based learning enacted mathematics lessons with inquiry principle-based practices and technology-enhanced orchestration, while teachers with teacher-centered beliefs used traditional approaches. Comparative case analysis of two teachers using Group Scribbles technology revealed that innovation-oriented beliefs directly shaped progressive inquiry practices, which subsequently fostered student collaborative knowledge construction and effective technology use.",,,,,,,,,,,,,,,,,,,
ijCSCL_7_1_7,2012,7,1,7,stahl_hesse_2006_2015,no,The role of teacher assistance on the effects of a macro-script in collaborative writing tasks,Javier Onrubia & Anna Engel,c,10,"This multiple-case study examines how teacher assistance patterns interact with macro-scripts to influence collaborative writing in university students. Analyzing two settings with different script types and teaching approaches, the study identifies distinct teacher assistance patterns and their relationships to group organization and knowledge construction phases. Results show that flexible, content-focused teacher guidance combined with open scripts promotes heterogeneous group strategies and advanced collaborative knowledge construction, while detailed scripts paired with organizational reminders produce homogeneous adherence but lower knowledge construction levels.",,,,,,,,,,,,,,,,,,,
ijCSCL_7_2_1,2012,7,2,1,stahl_hesse_2006_2015,no,Connecting agents and artifacts in CSCL: Towards a rationale of mutual shaping,Maarten Overdijk & Wouter van Diggelen & Paul A. Kirschner & Michael Baker,b,3,"This article examines how human agents and technical artifacts connect in computer-supported collaborative learning. Through theoretical review of affordance, structuration, and instrumental genesis frameworks, the authors argue that existing CSCL research emphasizing artifact-driven ""shaping"" of collaboration should shift toward ""mutual shaping,"" where both learners and technologies reciprocally influence each other. Instrumental genesis emerges as the most viable theoretical approach for understanding this bidirectional relationship.",,,,,,,,,,,,,,,,,,,
ijCSCL_7_2_2,2012,7,2,2,stahl_hesse_2006_2015,no,An instrumental perspective on CSCL systems,Jacques Lonchamp,c,13,"Rabardel's instrumental genesis theory reveals that CSCL systems involve complex two-phase development: teachers customize artifacts during preparation, while learners and tutors collaboratively develop utilization schemes during use. The research distinguishes two system categories based on who drives instrumentalization—learner-instrumentalizable systems supporting emergent collaborative practices, and teacher-instrumentalizable systems enforcing predefined learning structures—each mediating different forms of knowledge construction through epistemic, pragmatic, interpersonal, and reflexive mediation.",,,,,,,,,,,,,,,,,,,
ijCSCL_7_2_3,2012,7,2,3,stahl_hesse_2006_2015,no,Instrumental genesis in technology-mediated learning: From double stimulation to expansive knowledge practices,Giuseppe Ritella & Kai Hakkarainen,c,3,"Technology-mediated collaborative learning requires transforming social practices through instrumental genesis—the developmental process of appropriating technological tools as learning instruments. Drawing on sociocultural theory, the authors argue that epistemic mediation through external artifacts enables knowledge creation, but productive integration demands extended iterative efforts reformatting cognitive-cultural operating systems at personal and collective levels, explaining why innovative CSCL practices remain difficult to implement in educational systems.",,,,,,,,,,,,,,,,,,,
ijCSCL_7_2_4,2012,7,2,4,stahl_hesse_2006_2015,no,How to improve collaborative learning with video tools in the classroom? Social vs. cognitive guidance for student teams,Carmen Zahn & Karsten Krauskopf & Friedrich W. Hesse & Roy Pea,b,4,"Social interaction-related guidance proved more effective than cognitive task-related guidance for student teams using video tools in collaborative history learning. In a 2×2 experimental design with 148 sixteen-year-old students, teams receiving guidance emphasizing communication norms and cooperation demonstrated superior learning outcomes in historical skills and design product quality, regardless of video tool type. Results suggest focusing instructional support on group dynamics rather than task procedures.",,,,,,,,,,,,,,,,,,,
ijCSCL_7_2_5,2012,7,2,5,stahl_hesse_2006_2015,no,The ACODEA framework: Developing segmentation and classification schemes for fully automatic analysis of online discussions,Jin Mu & Karsten Stegmann & Elijah Mayfield & Carolyn Rosé & Frank Fischer,c,15,"The ACODEA framework enables fully automatic analysis of online discussions by extracting syntactic and semantic features through part-of-speech tagging and named-entity recognition before segmentation and classification. Applied to 84 students' collaborative discussions about attribution theory, the three-layer approach achieved high reliability (Cohen's Kappa ≥0.81) for micro-argumentation coding across different contexts, demonstrating that context-independent automated analysis is feasible for collaborative learning environments.",,,,,,,,,,,,,,,,,,,
ijCSCL_7_2_6,2012,7,2,6,stahl_hesse_2006_2015,no,Scripted collaborative learning with the cognitive tutor algebra,Nikol Rummel & Dejana Mullins & Hans Spada,b,10,"Researchers extended the Cognitive Tutor Algebra system to support collaborative learning by implementing a jigsaw-based collaboration script with adaptive elements. In a classroom experiment comparing scripted collaboration, unscripted collaboration, and individual learning, process analyses revealed the script improved interaction quality and problem-solving during learning. However, quantitative between-condition comparisons showed no significant learning advantage for collaboration, though collaborative performance matched individual performance despite fewer practice problems, suggesting interaction compensated for reduced practice opportunities.",,,,,,,,,,,,,,,,,,,
ijCSCL_7_3_1,2012,7,3,1,stahl_hesse_2006_2015,no,Learning physics through play in an augmented reality environment,Noel Enyedy & Joshua A. Danish & Girlie Delacruz & Melissa Kumar,b,6,"# Summary This study demonstrates that first and second graders (n=43) can meaningfully learn Newtonian physics through augmented reality activities combining embodied play and progressive symbolization. Using pre-post assessments, students showed significant gains in understanding force, net force, friction, and two-dimensional motion. Two design principles guided the curriculum: participatory modeling leveraging socio-dramatic play to make intuitions visible, and progressive symbolization enabling students to invent and refine representational systems. Case studies illustrate how embodied prediction and collaborative symbol refinement supported conceptual integration, though challenges emerged when students relied exclusively on embodiment or formal reasoning.",,,,,,,,,,,,,,,,,,,
ijCSCL_7_3_2,2012,7,3,2,stahl_hesse_2006_2015,no,Context matters: The value of analyzing human factors within educational contexts as a way of informing technology-related decisions within design research,Kim MacKinnon,b,3,"Design research in educational technology often overlooks systematic analysis of contextual factors. This study adapts Cognitive Work Analysis (CWA), an engineering method, to systematically identify human factors constraints—political, organizational, team, psychological, and physical—within a teacher education program. Through interviews, documentation analysis, and observations, 358 constraints were identified. The modified CWA approach made contextual information explicit and organized, enabling informed technology design decisions for supporting student research projects through an online mentorship environment.",,,,,,,,,,,,,,,,,,,
ijCSCL_7_3_3,2012,7,3,3,stahl_hesse_2006_2015,no,Patterns of kindergarten children’s social interaction with peers in the computer area,Eun Mee Lim,c,5,"This qualitative study examined kindergarten children's peer interactions in a classroom computer area through three-month observations and teacher interviews. The researcher identified six social interaction patterns: parallel play, verbal conflicts, sociable interactions, knowledge construction through positive processes, knowledge construction through negative processes, and non-verbal communication. Three patterns—positive processes, negative processes, and non-verbal communication—constituted ""Cognitively Effective Social Interaction"" leading to meaningful knowledge construction. Findings demonstrate computers support collaborative learning when integrated with classroom curriculum.",,,,,,,,,,,,,,,,,,,
ijCSCL_7_3_4,2012,7,3,4,stahl_hesse_2006_2015,no,"Online class size, note reading, note writing and collaborative discourse",Mingzhu Qiu & Jim Hewitt & Clare Brett,c,2,"This mixed-methods study examined 25 online graduate courses (341 students, 25 instructors) using tracking logs and interviews to investigate how class size affects note reading and writing loads. Findings revealed class size positively correlates with total notes read but negatively with percentage read, indicating information overload in larger classes. Students wrote shorter, simpler notes in larger classes. Dividing large classes into subgroups reduced overload. An optimal class size of 13-15 students was identified for effective collaborative discourse.",,,,,,,,,,,,,,,,,,,
ijCSCL_7_3_5,2012,7,3,5,stahl_hesse_2006_2015,no,4SPPIces: A case study of factors in a scripted collaborative-learning blended course across spatial locations,Mar Pérez-Sanagustín & Patricia Santos & Davinia Hernández-Leo & Josep Blat,c,6,"This case study evaluates the 4SPPIces model—a conceptual framework combining Space, Pedagogical Method, Participants, and History factors—for designing computer-supported collaborative blended learning scripts. Researchers implemented a geography fieldwork activity with 34 students across Barcelona using mobile devices and GPS. Results demonstrate that considering 4SPPIces factors successfully enhanced the activity, promoting collaborative skills, motivation, and learning about multiple urban districts while effectively supporting teacher orchestration through integrated technologies.",,,,,,,,,,,,,,,,,,,
ijCSCL_7_4_1,2012,7,4,1,stahl_hesse_2006_2015,no,Computational analysis and mapping of ijCSCL content,Jacques Lonchamp,c,14,"This empirical study employs co-word analysis to map content in the International Journal of Computer-Supported Collaborative Learning (2006-2011). Using hierarchical clustering and multidimensional scaling on full-text corpora, the research identifies three major thematic categories: interaction analysis, technical/organizational issues, and applications. Key findings include dominant themes like scripting, monitoring, community-based learning, and argumentation, revealing the intellectual structure of CSCL research.",,,,,,,,,,,,,,,,,,,
ijCSCL_7_4_2,2012,7,4,2,stahl_hesse_2006_2015,no,Interactive visual tools as triggers of collaborative reasoning in entry-level pathology,Markus Nivala & Hans Rystedt & Roger Säljö & Pauliina Kronqvist & Erno Lehtinen,b,6,"Virtual microscopy enables collaborative pathology learning through multimodal referential practices. This qualitative video analysis of 15 medical student pairs examined how interactive visual tools mediate diagnostic reasoning. Students organized shared visual fields using gestures, zooming, and paced negotiations to construct joint understanding. Key strategies included framing diagnostic processes, negotiating visual evidence, and extending reasoning frames when uncertain. The study demonstrates that technology becomes constitutive of face-to-face collaboration, and understanding image production techniques proves integral to medical interpretation.",,,,,,,,,,,,,,,,,,,
ijCSCL_7_4_3,2012,7,4,3,stahl_hesse_2006_2015,no,Using augmented reality and knowledge-building scaffolds to improve learning in a science museum,Susan A. Yoon & Karen Elinich & Joyce Wang & Christopher Steinmeier & Sean Tucker,b,6,"A quasi-experimental study examined how augmented reality and knowledge-building scaffolds enhance science learning in a museum setting. Using four conditions with varying levels of digital augmentation and pedagogical support, researchers tested 119 middle-grade students on electrical conductivity concepts. Results showed digital augmentation alone improved conceptual knowledge, while knowledge-building scaffolds combined with augmented reality significantly enhanced students' ability to theorize about scientific phenomena, suggesting collaborative supports amplify technology-based informal learning.",,,,,,,,,,,,,,,,,,,
ijCSCL_7_4_4,2012,7,4,4,stahl_hesse_2006_2015,no,Participatory learning through behavioral and cognitive engagements in an online collective information searching activity,Chia-Ching Lin & Chin-Chung Tsai,c,16,"This study investigated how college students' behavioral and cognitive engagements relate during online collective information searching using social bookmarking. Through cluster analysis of 101 engineering students' activity logs and annotations, researchers identified four behavioral patterns (Hitchhiker, Individualist, Active, Commentator) and two cognitive levels (Deep, Surface). Results revealed that students exhibiting ""Active"" behavioral engagement demonstrated ""Deep"" cognitive engagement, while those with ""Hitchhiker"" or ""Individualist"" patterns showed ""Surface"" engagement, with deeper engagement correlating to better assignment performance.",,,,,,,,,,,,,,,,,,,
ijCSCL_7_4_5,2012,7,4,5,stahl_hesse_2006_2015,no,A model for flexibly editing CSCL scripts,Péricles Sobreira & Pierre Tchounikine,a,10,"Researchers developed the T2 model, a table-tree representation system enabling teachers to flexibly edit CSCL scripts. Using intuitive table structures mapped to machine-readable trees, the approach prioritizes simplicity and adaptability over complex meta-models. Usability testing with five teachers confirmed the model's ease of use and demonstrated that teachers effectively leveraged representation flexibility to customize scripts according to their perspectives and contexts.",,,,,,,,,,,,,,,,,,,
ijCSCL_8_1_2,2013,8,1,2,stahl_hesse_2006_2015,no,On the bridge to learn: Analysing the social organization of nautical instruction in a ship simulator,Magnus Hontvedt & Hans Christian Arnseth,c,0,"This qualitative study examines how nautical students collaboratively construct simulated learning contexts through role-play in a ship simulator. Using interaction analysis of video data, the researchers identify two competing activity contexts: students enacting professional crew roles and students participating in educational training. The analysis reveals that while role-play enables situated learning opportunities for professional tasks, maintaining credible simulations requires substantial interactional effort and can conflict with instructional objectives like meta-reflection and debriefing.",,,,,,,,,,,,,,,,,,,
ijCSCL_8_1_3,2013,8,1,3,stahl_hesse_2006_2015,no,Student sensemaking with science diagrams in a computer-based setting,Anniken Furberg & Anders Kluge & Sten Ludvigsen,c,6,"This study examined how upper secondary students collaboratively made sense of solar panel diagrams in a computer-based learning environment. Using interaction analysis of one student group's expert-group session, researchers found that science diagrams functioned as productive social and cognitive resources, enabling students to slow conceptual reasoning and negotiate scientific meanings. However, students faced significant challenges translating oral accounts into written explanations and coordinating multiple diagram representations. The analysis reveals that students' sensemaking involved not only conceptual understanding but also navigating institutional norms and practices embedded within schooling contexts.",,,,,,,,,,,,,,,,,,,
ijCSCL_8_1_4,2013,8,1,4,stahl_hesse_2006_2015,no,Recalibrating reference within a dual-space interaction environment,Alan Zemel & Timothy Koschmann,c,8,"# Summary Middle school students collaborating in the Virtual Math Teams system develop shared understanding of mathematical problems through sequential recalibration of referential practices. Using ethnomethodological analysis of chat and whiteboard interactions, the study demonstrates how students progressively specify indexical properties of underspecified problems and solutions. Rather than treating representations as static objects, the research reveals how problem-solving emerges from the situated, interactive work of producing and refining references to mathematical concepts across dual-space modalities.",,,,,,,,,,,,,,,,,,,
ijCSCL_8_1_5,2013,8,1,5,stahl_hesse_2006_2015,no,Enhancing student knowledge acquisition from online learning conversations,Evren Eryilmaz & Jakko van der Pol & Terry Ryan & Philip Martin Clark & Justin Mary,c,2,"This experimental study compared linked and parallel artifact-centered discussion systems with 106 pharmacy students. Annotation functionality in the linked system decreased coordination activities while increasing assertion and conflict knowledge construction activities. Mediation analysis revealed that assertion, conflict, and clarification activities significantly predicted individual learning gains, with the treatment group achieving greater post-test improvements than controls.",,,,,,,,,,,,,,,,,,,
ijCSCL_8_2_1,2013,8,2,1,stahl_hesse_2006_2015,no,,Richard Alterman · Johann Ari Larusson,c,12,"This case study examines how student blogging facilitates common knowledge emergence in a loosely coordinated learning environment. Through qualitative and quantitative analysis of 25 undergraduates' semester-long blogging activity in an Internet & Society course, researchers found that common knowledge develops through distributed participation across multiple conversations and topics. Longer conversations served as focal points attracting wider readership and participation, while persistent content enabled students to mine the blogosphere when preparing papers, with approximately 50% of paper topics foreshadowed by blogging activity.",,,,,,,,,,,,,,,,,,,
ijCSCL_8_2_2,2013,8,2,2,stahl_hesse_2006_2015,no,Facilitating learning in multidisciplinary groups with transactive CSCL scripts,Omid Noroozi & Stephanie D. Teasley & Harm J. A. Biemans & Armin Weinberger & Martin Mulder,a,10,"# Summary This laboratory experiment with 120 university students examined how transactive memory and discussion scripts in computer-supported collaborative learning environments facilitate knowledge sharing in multidisciplinary groups. Students from different disciplinary backgrounds solved an authentic problem requiring complementary expertise. Results showed that each script individually improved transactive knowledge sharing, knowledge transfer, and solution quality, but combining both scripts produced negative interaction effects, likely due to over-scripting constraints within the 80-minute collaboration period.",,,,,,,,,,,,,,,,,,,
ijCSCL_8_2_3,2013,8,2,3,stahl_hesse_2006_2015,no,Co-located single display collaborative learning for early childhood education,Florencia Gómez & Miguel Nussbaum & Juan F. Weitz & Ximena Lopez & Javiera Mena & Alex Torres,b,1,"Small-group co-located single-display collaborative learning significantly improves oral language, logical-mathematical, and social skills in kindergarten children. Using a quasi-experimental design with 268 experimental and 172 control participants, researchers implemented computer-supported collaborative activities twice weekly for four months. Results showed the experimental group achieved substantially greater gains in logical-mathematical skills (21.78% vs. 6.09%) and social skills (10.09% vs. -8.19%), with teacher mediation proving essential for effective collaboration.",,,,,,,,,,,,,,,,,,,
ijCSCL_8_2_4,2013,8,2,4,stahl_hesse_2006_2015,no,Measuring prevalence of other-oriented transactive contributions using an automated measure of speech style accommodation,Gahgene Gweon & Mahaveer Jain & John McDonough & Bhiksha Raj & Carolyn P. Rosé,d,2,"Researchers developed an unsupervised Dynamic Bayesian Network model grounded in Speech Accommodation Theory to automatically detect other-oriented transactive contributions in dyadic speech discussions. Testing on debate recordings, they found significant positive correlation between automatic speech style accommodation measures and prevalence of other-oriented transacts (R=.36, p<.05), demonstrating that theoretically-informed computational models effectively assess collaborative learning processes.",,,,,,,,,,,,,,,,,,,
ijCSCL_8_3_1,2013,8,3,1,stahl_hesse_2006_2015,no,Vocational education approach: New TEL settings—new prospects for teachers’ instructional activities?,Raija Hämäläinen & Bram De Wever,b,8,"This design-based research study examined vocational teachers' instructional activities in a 3D game environment using content analysis of 8,188 utterances from four teacher-student groups. Findings revealed teachers employed two distinct approaches: ""knowledge-providing"" and ""joint problem-solving,"" with different student responses. Teachers asked more contextual questions and engaged in shared problem-solving than students, while students provided more knowledge. The study demonstrates teachers spontaneously develop innovative instructional strategies in technology-enhanced vocational learning settings, shifting from classroom management toward empowering collaborative knowledge construction.",,,,,,,,,,,,,,,,,,,
ijCSCL_8_3_2,2013,8,3,2,stahl_hesse_2006_2015,no,Crossing boundaries in Facebook: Students’ framing of language learning activities as extended spaces,Annika Lantz-Andersson & Sylvi Vigmo & Rhonwen Bowen,c,2,"This ethnographic case study examined how 60 students aged 13-16 from four countries framed English language learning activities in a Facebook group. Using frame analysis and sociocultural theory, researchers found that students initially adopted formal school-task framing but gradually negotiated boundary-crossing interactions creating extended learning spaces. However, maintaining these dynamic spaces proved difficult, requiring deliberate collaborative negotiation between educators and students to balance everyday social media practices with educational goals.",,,,,,,,,,,,,,,,,,,
ijCSCL_8_3_3,2013,8,3,3,stahl_hesse_2006_2015,no,Advancing understanding using Nonaka’s model of knowledge creation and problem-based learning,Meng Yew Tee & Shuh Shing Lee,c,16,"Integrating Nonaka's knowledge creation model with problem-based learning addresses Bereiter's critique that the model neglects understanding. This design-based research examined a 14-week course for in-service teachers developing technological pedagogical content knowledge. Findings demonstrate that combining socialization, externalization, combination, and internalization processes within problem-based learning phases cultivates advancing understanding of complex teaching-technology integration challenges.",,,,,,,,,,,,,,,,,,,
ijCSCL_8_3_4,2013,8,3,4,stahl_hesse_2006_2015,no,Inducing socio-cognitive conflict in Finnish and German groups of online learners by CSCL script,Armin Weinberger & Miika Marttunen & Leena Laurinen & Karsten Stegmann,c,2,"This cross-cultural study examined how a peer-critique collaboration script affects socio-cognitive conflict in online learning. Using a 2×2 design with 132 Finnish and German university students, researchers analyzed discussion patterns and knowledge acquisition. Results revealed German groups engaged in more conflict-oriented consensus building than Finnish groups, who preferred integration-oriented approaches. The script strengthened conflict-oriented discourse in German groups but proved incompatible with Finnish collaborative norms, suggesting CSCL environments require culturally sensitive design.",,,,,,,,,,,,,,,,,,,
ijCSCL_8_3_5,2013,8,3,5,stahl_hesse_2006_2015,no,Dialogical positions as a method of understanding identity trajectories in a collaborative blended university course,M. Beatrice Ligorio & Fedela Feldia Loperfido & Nadia Sansone,c,2,"# Summary This study proposes a three-step qualitative-quantitative method for tracking identity trajectories in collaborative learning using Bakhtinian concepts of polyphony and chronotopes as dialogical indicators. Applied to online notes from two university students in a blended course, the method reveals unique, context-sensitive identity development patterns, demonstrating how students' positioning shifts across course modules in response to activities and personal circumstances.",,,,,,,,,,,,,,,,,,,
ijCSCL_8_4_1,2013,8,4,1,stahl_hesse_2006_2015,no,Real-time mutual gaze perception enhances collaborative learning and collaboration quality,Bertrand Schneider & Roy Pea,c,1,"Real-time gaze visualization during remote collaborative learning on neuroscience contrasting cases enhanced learning gains and collaboration quality compared to control conditions. Eye-tracking enabled dyads to achieve higher joint attention, with followers benefiting most. Joint attention emerged as the primary mediator of improved learning outcomes.",,,,,,,,,,,,,,,,,,,
ijCSCL_8_4_2,2013,8,4,2,stahl_hesse_2006_2015,no,Social argumentation in online synchronous communication,Esra Alagoz,c,9,"This study examined argumentative practices among adolescents in World of Warcraft synchronous guild chat using ethnographic methods. Analysis of 27 argumentative exchanges revealed that 81% employed counter-critiques—stronger arguments directly refuting opponents' claims—rather than weaker counter-alternatives. Quality argumentation peaked during discussions about avatar customization (race/class, gear, talent builds), suggesting that interest-driven, authentic contexts where players exercise control over personalization trigger sophisticated argumentative discourse skills.",,,,,,,,,,,,,,,,,,,
ijCSCL_8_4_3,2013,8,4,3,stahl_hesse_2006_2015,no,Collaborative drawing on a shared digital canvas in elementary science education: The effects of script and task awareness support,Hannie Gijlers & Armin Weinberger & Alieke Mattia van Dijk & Lars Bollen & Wouter van Joolingen,b,10,"This study examined how scripting and task awareness support affect elementary students' collaborative drawing on photosynthesis. Ninety-four fifth-graders worked in dyads using a shared digital canvas under three conditions: control, awareness prompts, or structured script. Both support types increased transactive discourse and deeper conceptual understanding compared to controls. Scripted students acquired significantly more conceptual knowledge, while awareness and scripting both facilitated integrative consensus-building and process-related discussions.",,,,,,,,,,,,,,,,,,,
ijCSCL_8_4_4,2013,8,4,4,stahl_hesse_2006_2015,no,Capturing and analyzing verbal and physical collaborative learning interactions at an enriched interactive tabletop,Roberto Martinez-Maldonado & Yannis Dimitriadis & Alejandra Martinez-Monés & Judy Kay & Kalina Yacef,c,1,"This study developed an approach to automatically capture and analyze verbal and physical interactions at an enriched interactive tabletop to distinguish collaborative from less collaborative student groups. Using sequence pattern mining on data from 60 students in concept-mapping triads, the researchers identified interaction patterns—including speech timing, turn-taking, and peer engagement—that differentiated high from low collaboration groups, demonstrating the potential of multimodal data analysis for supporting collaborative learning awareness.",,,,,,,,,,,,,,,,,,,
ijCSCL_9_1_1,2014,9,1,1,stahl_hesse_2006_2015,no,The dialectical potential of Cultural Historical Activity Theory for researching sustainable CSCL practices,Sue Timmis,c,2,"Cultural Historical Activity Theory (CHAT) offers a relational, dialectical framework for understanding sustainable computer-supported collaborative learning (CSCL) in authentic educational settings. This study proposes an integrated CHAT methodology that moves beyond descriptive triangle models to analyze contradictions and tensions across multiple activity levels. Through a five-stage analytical process applied to undergraduate online collaboration, the research demonstrates how CHAT's dialectical method reveals complex interrelations between discourse, actions, and community, explaining why collaborative practices succeed or fail to become institutionalized.",,,,,,,,,,,,,,,,,,,
ijCSCL_9_1_3,2014,9,1,3,stahl_hesse_2006_2015,no,Multi-player epistemic games: Guiding the enactment of classroom knowledge-building communities,Katerine Bielaczyc & John Ow,c,16,"Researchers extended epistemic games—strategic knowledge-building practices—to ""multi-player"" versions where students collectively advance ideas through distributed contributions in Knowledge Forum. Using design-based research in Singapore primary science classrooms, they developed scaffolding tools (Think Cards and hypothetical game-configurations) to help students learn the Progressive-Improvement Game. Analyses showed students improved significantly in generating valid knowledge-building moves, supporting classroom enactment of knowledge-building communities.",,,,,,,,,,,,,,,,,,,
ijCSCL_9_1_4,2014,9,1,4,stahl_hesse_2006_2015,no,Explaining authors’ contribution to pivotal artifacts during mass collaboration in the Wikipedia’s knowledge base,Iassen Halatchliyski & Johannes Moskaliuk & Joachim Kimmerle & Ulrike Cress,c,11,"This empirical study examined how authors' contribution experience relates to their involvement in pivotal Wikipedia articles across two knowledge domains. Using network analysis on German Wikipedia data, researchers identified two types of pivotal articles: those central within single domains and those bridging domains. Results showed domain specialists predominantly contributed to domain-central articles, while generalists contributed to boundary-crossing articles. Article experience positively predicted contributions to both article types regardless of specialization.",,,,,,,,,,,,,,,,,,,
ijCSCL_9_2_1,2014,9,2,1,stahl_hesse_2006_2015,no,PolyCAFe—automatic support for the polyphonic analysis of CSCL chats,Stefan Trausan-Matu & Mihai Dascalu & Traian Rebedea,c,2,"PolyCAFe applies the polyphonic framework—grounded in Bakhtin's dialogism and musical metaphor—to automatically analyze collaborative learning chats. Using Natural Language Processing and Social Network Analysis, the system identifies implicit links between utterances, detects voices and their inter-animations, and generates quantitative metrics for collaboration assessment. Evaluation experiments demonstrate that PolyCAFe significantly reduces tutor feedback preparation time while providing useful insights to learners about their participation.",,,,,,,,,,,,,,,,,,,
ijCSCL_9_2_2,2014,9,2,2,stahl_hesse_2006_2015,no,Disengaged students and dialogic learning: the role of CSCL affordances,Benzi Slakmon & Baruch B. Schwarz,c,2,"This study examines how three disengaged eighth-grade students gradually adopted dialogic norms through participation in computer-supported collaborative learning (CSCL) discussions using the Argunaut tool. Through temporal analysis of philosophical discussions, the research demonstrates that peer-mediated exposure to dialogic practices—rather than direct teacher intervention—enabled students to develop multivoicedness and expand their discursive repertoires. CSCL affordances, including delayed responses and reduced prosodic cues, facilitated this transformation.",,,,,,,,,,,,,,,,,,,
ijCSCL_9_2_3,2014,9,2,3,stahl_hesse_2006_2015,no,Attending to others’ posts in asynchronous discussions: Learners’ online “listening” and its relationship to speaking,Alyssa Friend Wise & Simone Nicole Hausknecht & Yuting Zhao,c,9,"Students' depth of listening—specifically rereading peers' posts—positively predicts responsiveness and argumentation quality in online discussions, while breadth alone does not. Using clickstream data from 31 undergraduates across six asynchronous discussions, multi-level regressions revealed that revisiting others' posts predicted more responsive comments, and reading (versus scanning) posts predicted richer argumentation. These listening-speaking relationships manifested differently across learner types over time.",,,,,,,,,,,,,,,,,,,
ijCSCL_9_2_4,2014,9,2,4,stahl_hesse_2006_2015,no,Preventing undesirable effects of mutual trust and the development of skepticism in virtual groups by applying the knowledge and information awareness approach,Tanja Engelmann & Richard Kolodziej & Friedrich W. Hesse,c,4,"This experimental study examined whether a knowledge and information awareness (KIA) approach—providing digital concept maps of collaborators' knowledge—mitigates negative effects of mutual trust in virtual groups. Comparing 40 triads (20 with KIA, 20 without), researchers found that high initial trust reduced effectiveness in control groups but not experimental groups, while both conditions showed equal efficiency gains. Additionally, poor collaboration quality increased skepticism in control groups but not experimental groups, suggesting KIA facilitates mutual control independent of trust levels.",,,,,,,,,,,,,,,,,,,
ijCSCL_9_3_1,2014,9,3,1,stahl_hesse_2006_2015,no,The multi-layered nature of small-group learning: Productive interactions in object-oriented collaboration Crina I. Damşa,Crina Damsa,c,16,"# Summary This study examines productive interactions in small-group collaborative learning through a 20-week undergraduate research project. Using qualitative analysis and descriptive statistics, the researcher analyzed five student groups' interactions and emerging knowledge objects (research reports). Findings reveal that productive interactions manifest in two primary patterns: discourse-based interactions fostering shared understanding, and object-oriented interactions involving iterative co-construction. Groups demonstrating shared epistemic agency—deliberate, joint engagement with knowledge materialization—produced higher-quality knowledge objects, suggesting that productive collaboration integrates discursive interaction with tangible object development over time.",,,,,,,,,,,,,,,,,,,
ijCSCL_9_3_2,2014,9,3,2,stahl_hesse_2006_2015,no,How to bring a technical artifact into use: A micro-developmental perspective,Maarten Overdijk & Wouter van Diggelen & Jerry Andriessen & Paul A. Kirschner,b,3,"# Summary This micro-developmental case study examines how a student pair appropriated a digital shared workspace for project planning. Using qualitative analysis of classroom observations, interviews, and interaction protocols, the research reveals that artifact appropriation involves tension between existing classroom practices and new tool affordances. Resistance from the artifact—when it contradicted established planning conventions—triggered reflection and procedural adaptation, while absence of resistance enabled unreflective departures from regular practice. The findings demonstrate that technology use emerges through complex negotiations between learner intentions and designer intentions embedded in artifacts.",,,,,,,,,,,,,,,,,,,
ijCSCL_9_3_3,2014,9,3,3,stahl_hesse_2006_2015,no,An examination of CSCL methodological practices and the influence of theoretical frameworks 2005–2009,Heisawn Jeong & Cindy E. Hmelo-Silver & Yawen Yu,c,14,"This content analysis examined methodological practices in 400 empirical CSCL studies published 2005–2009 across seven leading journals. Researchers coded studies across research designs, settings, data sources, and analysis methods, then examined relationships with theoretical frameworks. Findings revealed descriptive designs dominated (54%), classroom settings predominated (74%), and quantitative analysis was most common (86%), though qualitative and mixed methods were frequent. Cluster analysis identified four distinctive method-theory combinations, demonstrating that theoretical frameworks significantly influenced methodological choices across all dimensions.",,,,,,,,,,,,,,,,,,,
ijCSCL_9_3_4,2014,9,3,4,stahl_hesse_2006_2015,no,Contemporary intellectual structure of CSCL research (2006–2013): a co-citation network analysis with an education focus,Kai-Yu Tang & Chin-Chung Tsai & Tzu-Chiang Lin,c,14,"This study employed document co-citation analysis, exploratory factor analysis, and social network analysis to map the intellectual structure of CSCL research (2006–2013). Analyzing 403 source papers and 5,351 citing articles, researchers identified six research subfields: representation and discourse patterns, factors influencing CSCL, intervention and comparison, critical reasoning, social construction processes, and design and modeling. Results revealed seminal works and core publications, with representation and discourse emerging as the dominant research stream, demonstrating the field's maturity and interconnectedness.",,,,,,,,,,,,,,,,,,,
ijCSCL_9_4_1,2014,9,4,1,stahl_hesse_2006_2015,no,Toward collaboration sensing,Bertrand Schneider & Roy Pea,c,1,"Researchers applied network analysis to dual eye-tracking data from collaborative learning dyads, representing fixations as nodes and saccades as edges. Network metrics correlated with collaboration quality dimensions, and machine learning algorithms predicted collaboration quality with 85-100% accuracy, suggesting eye-tracking networks can serve as ""collaboration-sensing"" tools for assessing and potentially improving student teamwork.",,,,,,,,,,,,,,,,,,,
ijCSCL_9_4_2,2014,9,4,2,stahl_hesse_2006_2015,no,Different leaders: Emergent organizational and intellectual leadership in children’s collaborative learning groups,Emma M. Mercier & Steven E. Higgins & Laura da Costa,c,4,"This study examines emergent leadership in children's collaborative learning groups through two investigations. Using a coding scheme adapted from prior research, the authors analyzed 32 students in Study One and 96 students in Study Two, identifying leadership moves as either intellectual (idea development, topic control) or organizational (turn management, planning). Results reveal leadership is distributed among group members, with approximately half of groups showing distinct intellectual and organizational leaders held by different students. Leadership patterns vary significantly across content areas and task types, suggesting leadership is context-dependent rather than stable.",,,,,,,,,,,,,,,,,,,
ijCSCL_9_4_3,2014,9,4,3,stahl_hesse_2006_2015,no,“Newbies” and “Celebrities”: Detecting social roles in an online network of teachers via participation patterns,H. Smith Risser & SueAnn Bottoms,c,16,"This study used cluster analysis combining structural and behavioral data to identify social roles in an unstructured online teacher blog network. Analyzing 99 teachers' participation patterns across six months, researchers detected five distinct roles: ""Newbies,"" ""Inbound Participants,"" ""Full Participants,"" ""Celebrities,"" and ""Peripheral Members."" Results revealed that participation patterns and network position significantly influence both current role and trajectory of role change, with expertise and engagement type affecting status transitions independent of tenure.",,,,,,,,,,,,,,,,,,,
ijCSCL_9_4_4,2014,9,4,4,stahl_hesse_2006_2015,no,“I guess my question is”: What is the co-occurrence of uncertainty and learning in computer-mediated discourse?,Michelle E. Jordan & An-Chih Janne Cheng & Diane Schallert & Kwangok Song & SoonAh Lee & Yangjoo Park,c,2,"This study examined how uncertainty expressions and learning co-occur in graduate students' computer-mediated discussions. Using inductive coding of 1,048 comments across synchronous and asynchronous online discussions, researchers found that 72% of paragraphs containing uncertainty also exhibited learning markers. Direct uncertainty expressions correlated with presenting new ideas and applications, while indirect expressions associated more with elaboration. Results suggest uncertainty expression facilitates productive learning through collaborative meaning-making in online environments.",,,,,,,,,,,,,,,,,,,
ijCSCL_10_1_1,2015,10,1,1,stahl_hesse_2006_2015,no,Constructing liminal blends in a collaborative augmented-reality learning environment,Noel Enyedy & Joshua A. Danish & David DeLiema,b,6,"This study examines how augmented-reality environments support physics learning through ""liminal blends""—conceptual integrations of students' embodied experiences, physical materials, peer contributions, and symbolic representations. Using interaction analysis of second-graders learning about friction, the researchers demonstrate how students blend their bodies, game narratives, material surfaces, and AR symbols to reason about force and motion, revealing cognition as distributed across individuals, materials, and social interaction.",,,,,,,,,,,,,,,,,,,
ijCSCL_10_1_2,2015,10,1,2,stahl_hesse_2006_2015,no,The new information literate: Open collaboration and information production in schools,Andrea Forte,c,12,"This qualitative study examined high school students' information assessment practices while contributing to a collaborative online wiki. Through 57 interviews and classroom observations, the researcher identified two information literacy strategies: first-order strategies involving established heuristics for evaluating sources, and second-order strategies involving reflective analysis of how information is produced. Findings reveal that participating in information production enhanced students' understanding of source credibility and fostered individual responsibility for contributing accurate information to public resources.",,,,,,,,,,,,,,,,,,,
ijCSCL_10_1_3,2015,10,1,3,stahl_hesse_2006_2015,no,BWhoa! We’re going deep in the trees!^: Patterns of collaboration around an interactive information visualization exhibit,Pryce Davis & Michael Horn & Florian Block & Brenda Phillips & E. Margaret Evans & Judy Diamond & Chia Shen,c,6,"This study analyzed how child dyads collaboratively explored DeepTree, an interactive multi-touch tabletop exhibit visualizing 70,000+ species in a phylogenetic tree. Using qualitative interaction analysis of museum visitors, researchers identified four distinct collaboration patterns organized by coordination level and action target: reactive, autonomous, planning, and contemplative. Results showed that DeepTree supported learning of macroevolutionary concepts like common descent, with design features like the ""fly-through"" mechanic facilitating meaning-making across different interaction patterns.",,,,,,,,,,,,,,,,,,,
ijCSCL_10_1_4,2015,10,1,4,stahl_hesse_2006_2015,no,Appropriation of a representational tool in a second-language classroom,Yun Wen & Chee-Kit Looi & Wenli Chen,c,2,"This case study examined how secondary school students appropriated Group Scribbles, a representational tool, during collaborative Chinese-language writing in a networked classroom. Through microanalysis of cross-media interactions between face-to-face and online spaces, researchers identified five functions inscriptional devices served in group-understanding development: referencing, pinpointing, prompting notice, realizing parallels, and promoting synergy. Findings revealed that representational tools supplement face-to-face communication by enabling balanced participation, helping learners notice linguistic problems, and serving as resources for elaborating ideas.",,,,,,,,,,,,,,,,,,,
ijCSCL_10_2_1,2015,10,2,1,stahl_hesse_2006_2015,no,The impact of hierarchical positions on communities of learning,Martin Rehm & Wim Gijselaers & Mien Segers,c,4,"Hierarchical positions significantly influence participants' activity and performance in online Communities of Learning within organizations. Analyzing 249 staff members across 25 CoLs, this empirical study found that higher-ranked employees contributed more frequently and achieved better exam grades. However, cluster analysis revealed a ""Stars"" group of exceptional performers transcending hierarchical constraints, suggesting that while organizational hierarchy shapes collaborative behavior, individual motivation can overcome these structural barriers.",,,,,,,,,,,,,,,,,,,
ijCSCL_10_2_2,2015,10,2,2,stahl_hesse_2006_2015,no,Peer interaction and social network analysis of online communities with the support of awareness of different contexts,Jian-Wei Lin1 & Li-Jung Mai2 & Yung-Cheng Lai1,c,7,"This study directly compares social-context awareness (SA) and knowledge-context awareness (KA) in online learning communities using identical experimental settings. Through a semester-long investigation with repeated measurements, researchers found that SA stimulated significantly more quantitative peer interaction than KA, particularly in later stages. However, both approaches had limited capacity to enhance message quality. Despite similar midterm performance, the SA community demonstrated significantly better learning outcomes on the final posttest, likely attributed to more extensive peer interaction patterns.",,,,,,,,,,,,,,,,,,,
ijCSCL_10_2_3,2015,10,2,3,stahl_hesse_2006_2015,no,Fixed group and opportunistic collaboration in a CSCL environment,Tuya Siqin & Jan van Aalst & Samuel Kai Wah Chu,a,16,"This study examined 27 Chinese undergraduates' synchronous online discourse across two phases: fixed group collaboration (8 weeks) and opportunistic collaboration (8 weeks) using Knowledge Forum. Multi-faceted analysis revealed that while all groups showed similar interaction patterns, productive groups generated higher-level questions and ideas. Opportunistic collaboration enabled broader interactions and more constructive discourse but exhibited scattered interactions and reduced metacognition. Active participation and high-level idea contributions correlated positively with domain knowledge gains.",,,,,,,,,,,,,,,,,,,
ijCSCL_10_2_4,2015,10,2,4,stahl_hesse_2006_2015,no,An integrated way of using a tangible user interface in a classroom,Sebastien Cuendet & Jessica Dehler-Zufferey & Giulia Ortoleva & Pierre Dillenbourg,c,6,"Researchers designed a classroom activity using TapaCarp, a tangible user interface, to teach carpenter apprentices spatial skills while bridging school and workplace learning. The mixed-methods study with 40 apprentices across three classes showed high usability and strong engagement, with improved artifact quality from day one to day two. However, standardized tests revealed no significant learning gains compared to controls, though plausible objects proved more effective than non-plausible ones for complex tasks.",,,,,,,,,,,,,,,,,,,
ijCSCL_10_3_1,2015,10,3,1,stahl_hesse_2006_2015,no,A Habermasian perspective on joint meaning making online: What does it offer and what are the difficulties?,Michael Hammond,c,2,"Habermas's theory of communicative action—emphasizing genuine consensus through unconstrained dialogue where only ""the better argument"" prevails—offers a critical framework for understanding online meaning-making. This theoretical perspective values truth-seeking over technological affordances, distinguishes emancipatory from strategic communication, and interrogates techno-romantic assumptions. However, challenges include abstractness, limited practical guidance, and questions about consensus feasibility.",,,,,,,,,,,,,,,,,,,
ijCSCL_10_3_2,2015,10,3,2,stahl_hesse_2006_2015,no,Learning to learn together with CSCL tools,Baruch B. Schwarz1 & Reuma de Groot1 & Manolis Mavrikis2 & Toby Dragon3,b,13,"This design-based research study introduces Learning to Learn Together (L2L2)—learning to collaborate while engaging in inquiry and argumentation on challenging tasks. Using the Metafora CSCL platform integrating planning tools, microworlds, and discussion features, researchers observed three classroom cases where students developed collaborative practices including collective reflection, mutual engagement, and peer assessment. Results demonstrate L2L2 is an attainable educational goal, partially achieved through technology-mediated affordances supporting integrated inquiry-argumentation-collaboration practices.",,,,,,,,,,,,,,,,,,,
ijCSCL_10_3_3,2015,10,3,3,stahl_hesse_2006_2015,no,Collaborative group engagement in a computer-supported inquiry learning environment,Suparna Sinha1 & Toni Kempler Rogat2 & Karlyn R. Adams-Wiggins1 & Cindy E. Hmelo-Silver3,c,4,"This study develops an observational protocol to measure collaborative group engagement in computer-supported inquiry learning as multifaceted—encompassing behavioral, social, cognitive, and conceptual-to-consequential dimensions. Using qualitative analysis of ten middle school groups solving an ecosystem problem, researchers found that behavioral and social engagement differentiated low-quality groups, while cognitive and conceptual-to-consequential engagement characterized high-quality engagement. Results demonstrate these engagement facets are highly interrelated and mutually influential, with implications for designing technologies that scaffold deeper learning in collaborative environments.",,,,,,,,,,,,,,,,,,,
ijCSCL_10_3_4,2015,10,3,4,stahl_hesse_2006_2015,no,Group-level formative feedback and metadiscourse,Monica Resendes1 & Marlene Scardamalia1 & Carl Bereiter1 & Bodong Chen2 & Cindy Halewood3,c,16,"Grade 2 students engaged in knowledge building with visualization-based formative feedback tools showed significant improvements in domain vocabulary use, scientific accuracy, explanation complexity, and discourse connectivity compared to a comparison class. Using comparative word clouds and epistemic discourse move graphs, students demonstrated productive metadiscourse—reflection on their collective knowledge-building process—though primarily with teacher facilitation, suggesting young children possess greater metacognitive capacity than typically assumed.",,,,,,,,,,,,,,,,,,,
ijCSCL_10_4_1,2015,10,4,1,stahl_hesse_2006_2015,no,Advancing knowledge‐building discourse through judgments of promising ideas,Bodong Chen1 & Marlene Scardamalia2 & Carl Bereiter2,c,16,"Grade 3 students demonstrated capability in making promisingness judgments—evaluating ideas for their potential to advance knowledge—when supported by explicit discussion and a digital tool integrated into Knowledge Forum. Design-based research revealed students could distinguish ideas worth developing from mere facts, and promisingness judgments significantly enhanced collaborative discourse and scientific knowledge advancement compared to control classrooms.",,,,,,,,,,,,,,,,,,,
ijCSCL_10_4_2,2015,10,4,2,stahl_hesse_2006_2015,no,"Investigating the effects of prompts on argumentation style, consensus and perceived efficacy in collaborative learning",Owen M. Harney1 & Michael J. Hogan1 & Benjamin Broome2 & Tony Hall1 & Cormac Ryan1,c,4,"Process-level prompts during collaborative learning sessions significantly enhance group outcomes compared to task-level prompts. In an experimental study using Interactive Management with 75 psychology students, process-level prompts increased perceived consensus and perceived efficacy of the methodology. Analysis of group dialogue revealed more sophisticated argumentation patterns and greater complexity in consensus-based problem models among process-level groups, suggesting that facilitator prompting style substantially influences collaborative learning effectiveness.",,,,,,,,,,,,,,,,,,,
ijCSCL_10_4_3,2015,10,4,3,stahl_hesse_2006_2015,no,ReaderBench: Automated evaluation of collaboration based on cohesion and dialogism,Mihai Dascalu1 & Stefan Trausan-Matu1 & Danielle S. McNamara2 & Philippe Dessus3,b,2,"ReaderBench proposes two computational models for automated collaboration assessment in CSCL conversations. The dialogical voice inter-animation model evaluates collaboration through overlapping semantic chains representing different participants' viewpoints, while the social knowledge-building model analyzes longitudinal cohesion patterns. Validation against human annotations of ten chat conversations demonstrates both models reliably identify collaboration zones and predict overall collaboration quality, supporting cohesion and voice inter-animation as collaboration signatures.",,,,,,,,,,,,,,,,,,,
ijCSCL_10_4_4,2015,10,4,4,stahl_hesse_2006_2015,no,AMOEBA: Designing for collaboration in computer science classrooms through live learning analytics,Matthew Berland1 & Don Davis2 & Carmen Petrick Smith3,a,1,"AMOEBA is a learning analytics tool designed to support teachers in orchestrating real-time collaboration among novice programmers using the IPRO visual programming environment. The study examined how pairing students based on a ""surprising similarity"" metric—operationalizing Zone of Proximal Development for computer science—affected programming outcomes across eight classes. Results showed that paired students produced programs with greater complexity, depth, and novelty compared to unpaired work, with improvements persisting after pairing ended.",,,,,,,,,,,,,,,,,,,
2016_v11i1_10.1007_s11412-016-9229-3_Teacher_support_in_computer-supported_lab_work_bridging_the_gap_between_lab_experiments_an,2016,11,1,5,ludvigsen_2016_2019,no,Teacher support in computer-supported lab work: bridging the gap between lab experiments and students’ conceptual understanding,Anniken Furberg,,,,,,,,,,,,,,,,,,,,,,
2016_v11i3_10.1007_s11412-016-9239-1_Reflective_assessment_in_knowledge_building_by_students_with_low_academic_achievement,2016,11,3,3,ludvigsen_2016_2019,no,Reflective assessment in knowledge building by students with low academic achievement,Yuqin Yang & Jan van Aalst & Carol K. K. Chan & Wen Tian,,,,,,,,,,,,,,,,,,,,,,
2016_v11i4_10.1007_s11412-016-9245-3_Toward_a_classification_of_discourse_patterns_in_asynchronous_online_discussions,2016,11,4,4,ludvigsen_2016_2019,no,Toward a classification of discourse patterns in asynchronous online discussions,Jan van Aalst & Carol K. K. Chan Ella L. F. Fu,,,,,,,,,,,,,,,,,,,,,,
2017_v12i1_10.1007_s11412-017-9252-z_Experiences_appearances_and_interprofessional_training_The_instructional_use_of_video_in_p,2017,12,1,5,ludvigsen_2016_2019,no,"Experiences, appearances, and interprofessional training: The instructional use of video in post-simulation debriefings",Oskar Lindwall & Hans Rystedt Elin Johansson,,,,,,,,,,,,,,,,,,,,,,
2018_v13i2_10.1007_s11412-018-9277-y_From_Cognitive_Load_Theory_to_Collaborative_Cognitive_Load_Theory,2018,13,2,5,ludvigsen_2016_2019,no,From Cognitive Load Theory to Collaborative Cognitive Load Theory,Paul A. Kirschner & John Sweller & Femke Kirschner & Jimmy Zambrano R,,,,,,,,,,,,,,,,,,,,,,
2018_v13i4_10.1007_s11412-018-9286-x_Rendering_controversial_socioscientific_issues_legible_through_digital_mapping_tools,2018,13,4,3,ludvigsen_2016_2019,no,Rendering controversial socioscientific issues legible through digital mapping tools,Åsa Mäkitalo & Thomas Hillman Anne Solli,,,,,,,,,,,,,,,,,,,,,,
2018_v13i4_10.1007_s11412-018-9285-y_Using_big_data_techniques_for_measuring_productive_friction_in_mass_collaboration_online_e,2018,13,4,5,ludvigsen_2016_2019,no,Using big data techniques for measuring productive friction in mass collaboration online environments,Peter Holtz & Joachim Kimmerle & Ulrike Cress,,,,,,,,,,,,,,,,,,,,,,
2019_v14i1_10.1007_s11412-019-09296-0_Improving_the_quality_of_vocational_students_collaboration_and_knowledge_acquisition_throu,2019,14,1,3,ludvigsen_2016_2019,no,Improving the quality of vocational students’ collaboration and knowledge acquisition through instruction and joint reflection,Judith ter Vrugte & Anjo Anjewierden & Lars Bollen & Elise H. Eshuis Jakob Sikken & Ton de Jong,,,,,,,,,,,,,,,,,,,,,,
2019_v14i2_10.1007_s11412-019-09303-4_Socio-cognitive_openness_in_online_knowledge_building_discourse_does_openness_keep_convers,2019,14,2,3,ludvigsen_2016_2019,no,Socio-cognitive openness in online knowledge building discourse: does openness keep conversations going?,Frank P. C. M. de Jong & Jan van Aalst & Natascha de Hoog & Hennie van Heijst Paul A. Kirschner,,,,,,,,,,,,,,,,,,,,,,
2019_v14i3_10.1007_s11412-019-09310-5_Real-time_orchestrational_technologies_in_computer-supported_collaborative_learning_an_int,2019,14,3,1,ludvigsen_2016_2019,no,Real-time orchestrational technologies in,Camillia Matuk & Michael Tissenbaum,,,,,,,,,,,,,,,,,,,,,,
2019_v14i3_10.1007_s11412-019-09299-x_What_information_should_CSCL_teacher_dashboards_provide_to_help_teachers_interpret_CSCL_si,2019,14,3,2,ludvigsen_2016_2019,no,What information should CSCL teacher dashboards provide to help teachers interpret CSCL situations?,Anouschka van Leeuwen & Nikol Rummel & Tamara van Gog,,,,,,,,,,,,,,,,,,,,,,
2019_v14i3_10.1007_s11412-019-09314-1_Correction_to_A_handheld_classroom_dashboard_teachers_perspectives_on_the_use_of_real-time,2019,14,3,7,ludvigsen_2016_2019,no,Correction to: A handheld classroom dashboard: teachers’ perspectives on the use of real-time collaborative learning analytics,Roberto Martinez-Maldonado,,,,,,,,,,,,,,,,,,,,,,
2019_v14i4_10.1007_s11412-019-09313-2_Capturing_the_dynamic_and_cyclical_nature_of_regulation_Methodological_Progress_in_underst,2019,14,4,2,ludvigsen_2016_2019,no,Capturing the dynamic and cyclical nature of regulation: Methodological Progress in understanding socially shared regulation in learning,Hanna Järvenoja,,,,,,,,,,,,,,,,,,,,,,
2019_v14i4_10.1007_s11412-019-09311-4_Are_we_together_or_not_The_temporal_interplay_of_monitoring_physiological_arousal_and_phys,2019,14,4,4,ludvigsen_2016_2019,no,"Are we together or not? The temporal interplay of monitoring, physiological arousal and physiological synchrony during a collaborative exam",Eetu Haataja & Tapio Seppänen & Sanna Järvelä Jonna Malmberg The coordination of cognitive,,,,,,,,,,,,,,,,,,,,,,
2020_v15i1_10.1007_s11412-020-09316-4_Good_for_learning_bad_for_motivation_A_meta-analysis_on_the_effects_of_computer-supported_,2020,15,1,2,rose_jarvela_2020_2023,no,"Good for learning, bad for motivation? A meta-analysis on the effects of computer-supported collaboration scripts",Anika Radkowitsch & Freydis Vogel & Frank Fischer,,,,,,,,,,,,,,,,,,,,,,
2020_v15i2_10.1007_s11412-020-09322-6_Capturing_the_participation_and_social_dimensions_of_computer-supported_collaborative_lear,2020,15,2,5,rose_jarvela_2020_2023,no,Capturing the participation and social dimensions of,"Mohammed Saqr, et al. [full author details at the end of the article] The increasing use of digital learning tools and platforms in formal and informal",,,,,,,,,,,,,,,,,,,,,,
2020_v15i3_10.1007_s11412-020-09330-6_Bringing_maker_practices_to_school_tracing_discursive_and_materially_mediated_aspects_of_s,2020,15,3,4,rose_jarvela_2020_2023,no,Bringing maker practices to school: tracing discursive and materially mediated aspects of student teams’ collaborative making processes,Pirita Seitamaa-Hakkarainen & Kai Hakkarainen Sini Riikonen,,,,,,,,,,,,,,,,,,,,,,
2020_v15i4_10.1007_s11412-020-09337-z_Students_multimodal_knowledge_practices_in_a_makerspace_learning_environment,2020,15,4,3,rose_jarvela_2020_2023,no,Students’ multimodal knowledge practices in a makerspace learning environment,Anu Kajamaa & Kristiina Kumpulainen,,,,,,,,,,,,,,,,,,,,,,
2020_v15i4_10.1007_s11412-020-09331-5_Social_practices_in_teacher_knowledge_creation_and_innovation_adoption_a_large-scale_study,2020,15,4,4,rose_jarvela_2020_2023,no,Social practices in teacher knowledge creation and innovation adoption: a large-scale study in an online instructional design community for inquiry learning,Luis P. Prieto & Tobias Ley & Ton de Jong & María Jesús Rodríguez-Triana Denis Gillet,,,,,,,,,,,,,,,,,,,,,,
2020_v15i4_10.1007_s11412-020-09333-3_Gaze_awareness_and_metacognitive_suggestions_by_a_pedagogical_conversational_agent_an_expe,2020,15,4,5,rose_jarvela_2020_2023,no,Gaze awareness and metacognitive suggestions by a pedagogical conversational agent: an experimental investigation on interventions to support collaborative learning process and performance,Yugo Hayashi,,,,,,,,,,,,,,,,,,,,,,
2021_v16i1_10.1007_s11412-021-09340-y_Promoting_regulation_of_equal_participation_in_online_collaboration_by_combining_a_group_a,2021,16,1,4,rose_jarvela_2020_2023,no,Promoting regulation of equal participation in online collaboration by combining a group awareness tool and adaptive prompts. But does it even matter?,Sebastian Strauß & Nikol Rummel,,,,,,,,,,,,,,,,,,,,,,
2021_v16i2_10.1007_s11412-021-09345-7_Initiating_scientific_collaborations_across_career_levels_and_disciplines__a_network_analy,2021,16,2,2,rose_jarvela_2020_2023,no,Initiating scientific collaborations across career levels and disciplines – a network analysis on behavioral data,Julia Eberle & Karsten Stegmann & Alain Barrat & Frank Fischer & Kristine Lund,,,,,,,,,,,,,,,,,,,,,,
2021_v16i2_10.1007_s11412-021-09346-6_Improving_learning_and_writing_outcomes_Influence_of_cognitive_and_behavioral_group_awaren,2021,16,2,4,rose_jarvela_2020_2023,no,Improving learning and writing outcomes: Influence of cognitive and behavioral group awareness tools in wikis,Lisa Ollesch & Sven Heimbuch & Daniel Bodemer,,,,,,,,,,,,,,,,,,,,,,
2021_v16i2_10.1007_s11412-021-09347-5_Guidance_in_computer-supported_collaborative_inquiry_learning_Capturing_aspects_of_affect_,2021,16,2,5,rose_jarvela_2020_2023,no,Guidance in computer‑supported collaborative inquiry learning: Capturing aspects of affect and teacher support in science classrooms,Tarja Pietarinen & Tuire Palonen & Marja Vauras,,,,,,,,,,,,,,,,,,,,,,
2021_v16i3_10.1007_s11412-021-09351-9_Deconstructing_orchestration_load_comparing_teacher_support_through_mirroring_and_guiding,2021,16,3,2,rose_jarvela_2020_2023,no,Deconstructing orchestration load: comparing teacher support through mirroring and guiding,Ishari Amarasinghe & Davinia Hernández‑Leo & H. Ulrich Hoppe,,,,,,,,,,,,,,,,,,,,,,
2021_v16i4_10.1007_s11412-021-09356-4_Modelling_diffusion_in_computer-supported_collaborative_learning_a_large_scale_learning_an,2021,16,4,2,rose_jarvela_2020_2023,no,Modelling diffusion in,Mohammed Saqr & Sonsoles López-Pernas,,,,,,,,,,,,,,,,,,,,,,
2021_v16i4_10.1007_s11412-021-09358-2_Many_are_the_ways_to_learn_identifying_multi-modal_behavioral_profiles_of_collaborative_le,2021,16,4,3,rose_jarvela_2020_2023,no,Many are the ways to learn identifying multi-modal behavioral profiles of collaborative learning in constructivist activities,Jauwairia Nasir & Aditi Kothiyal & Barbara Bruno,,,,,,,,,,,,,,,,,,,,,,
2021_v16i4_10.1007_s11412-021-09357-3_Self-efficacy_and_behavior_patterns_of_learners_using_a_real-time_collaboration_system_dev,2021,16,4,5,rose_jarvela_2020_2023,no,Self‑efficacy and behavior patterns of learners using a real‑time collaboration system developed for group programming,Ting‑Chia Hsu & Hal Abelson & Evan Patton & Shih‑Chu Chen & Hsuan‑Ning Chang,,,,,,,,,,,,,,,,,,,,,,
2022_v17i1_10.1007_s11412-022-09367-9_Integrating_collaboration_scripts_group_awareness_and_self-regulation_in_computer-supporte,2022,17,1,1,rose_jarvela_2020_2023,no,"Integrating collaboration scripts, group awareness, and self‑regulation in computer‑supported collaborative learning",Lenka Schnaubert & Freydis Vogel,,,,,,,,,,,,,,,,,,,,,,
2022_v17i1_10.1007_s11412-022-09361-1_Group_awareness_and_regulation_in_computer-supported_collaborative_learning,2022,17,1,2,rose_jarvela_2020_2023,no,Group awareness and regulation in,Lenka Schnaubert & Daniel Bodemer,,,,,,,,,,,,,,,,,,,,,,
2022_v17i1_10.1007_s11412-022-09363-z_Adaptable_scaffolding_of_mathematical_argumentation_skills_The_role_of_self-regulation_whe,2022,17,1,3,rose_jarvela_2020_2023,no,Adaptable scaffolding of mathematical argumentation skills: The role of self‑regulation when scaffolded with CSCL scripts and heuristic worked examples,Freydis Vogel & Ingo Kollar & Frank Fischer & Kristina Reiss & Stefan Ufer,,,,,,,,,,,,,,,,,,,,,,
2022_v17i1_10.1007_s11412-022-09365-x_Supporting_socially_shared_regulation_during_collaborative_task-oriented_reading,2022,17,1,4,rose_jarvela_2020_2023,no,‘Supporting socially shared regulation during collaborative task‑oriented reading’,Jolique Kielstra & Inge Molenaar & Roel van Steensel & Ludo Verhoeven,,,,,,,,,,,,,,,,,,,,,,
2022_v17i1_10.1007_s11412-022-09364-y_CSsCL_the_performance_of_collaborative_learning,2022,17,1,7,rose_jarvela_2020_2023,no,CSsCL: the performance of collaborative learning,Charles Crook,,,,,,,,,,,,,,,,,,,,,,
2022_v17i2_10.1007_s11412-022-09369-7_Patterns_of_action_transitions_in_online_collaborative_problem_solving_A_network_analysis_,2022,17,2,2,rose_jarvela_2020_2023,no,Patterns of action transitions in online collaborative problem solving: A network analysis approach,Shupin Li & Johanna Pöysä-Tarhonen & Päivi Häkkinen,,,,,,,,,,,,,,,,,,,,,,
2022_v17i2_10.1007_s11412-022-09372-y_Collaborative_analytics-supported_reflective_Assessment_for_Scaffolding_Pre-service_Teache,2022,17,2,4,rose_jarvela_2020_2023,no,Collaborative analytics-supported reflective Assessment for Scaffolding Pre-service Teachers’ collaborative Inquiry and Knowledge Building,Yuqin Yang & Gaoxia Zhu & Daner Sun & Carol K. K. Chan,,,,,,,,,,,,,,,,,,,,,,
2022_v17i4_10.1007_s11412-022-09382-w_Mediating_and_perspective-taking_manipulatives_Fostering_dynamic_perspective-taking_by_med,2022,17,4,3,rose_jarvela_2020_2023,no,Mediating and perspective‑taking manipulatives: Fostering dynamic perspective‑taking by mediating dialogic thinking and bolstering empathy in role‑play and reflection for microteaching,Toshio Mochizuki & Hiroshi Sasaki & Takehiro Wakimoto & Yoshihiko Kubota & Brendan Eagan & Ryoya Hirayama & Yuta Yamaguchi & Natsumi Yuki & Hideo Funaoi & Hideyuki Suzuki & Hiroshi Kato,,,,,,,,,,,,,,,,,,,,,,
2022_v17i4_10.1007_s11412-022-09380-y_Evolution_of_the_academic_emotions_of_academically_low-achieving_students_in_knowledge_bui,2022,17,4,5,rose_jarvela_2020_2023,no,Evolution of the academic emotions of academically low‑achieving students in knowledge building,Yuqin Yang & Gaoxia Zhu & Carol K. K. Chan,,,,,,,,,,,,,,,,,,,,,,
2023_v18i1_10.1007_s11412-023-09385-1_The_temporal_dynamics_of_online_problem-based_learning_Why_and_when_sequence_matters,2023,18,1,1,rose_jarvela_2020_2023,no,The temporal dynamics of online problem‑based learning: Why and when sequence matters,Mohammed Saqr & Sonsoles López‑Pernas,,,,,,,,,,,,,,,,,,,,,,
2023_v18i1_10.1007_s11412-023-09387-z_An_artificial_intelligence-driven_learning_analytics_method_to_examine_the_collaborative_p,2023,18,1,2,rose_jarvela_2020_2023,no,An artificial intelligence-driven learning analytics method to examine the collaborative problem-solving process from the complex adaptive systems perspective,Fan Ouyang & Weiqi Xu & Mutlu Cukurova,,,,,,,,,,,,,,,,,,,,,,
2023_v18i1_10.1007_s11412-023-09388-y_Fostering_regulatory_processes_using_computational_scaffolding,2023,18,1,3,rose_jarvela_2020_2023,no,Fostering regulation of learning processes among programming students using computational scaffolding,Leonardo Silva & António Mendes & Anabela Gomes & Gabriel Fortes,,,,,,,,,,,,,,,,,,,,,,
2023_v18i2_10.1007_s11412-023-09404-1_Fostering_collaborative_and_embodied_learning_with_extended_reality_Special_issue_introduc,2023,18,2,1,rose_jarvela_2020_2023,no,Fostering collaborative and embodied learning,Jacob Fortman & Rebecca Quintana,,,,,,,,,,,,,,,,,,,,,,
2023_v18i2_10.1007_s11412-023-09397-x_Coordinating_modalities_of_mathematical_collaboration_in_shared_VR_environments,2023,18,2,3,rose_jarvela_2020_2023,no,Coordinating modalities of mathematical collaboration in shared VR environments,Wen Huang & Candace Walkington & Mitchell J. Nathan,,,,,,,,,,,,,,,,,,,,,,
2023_v18i2_10.1007_s11412-023-09395-z_Understanding_young_childrens_science_learning_through_embodied_communication_within_an_MR,2023,18,2,5,rose_jarvela_2020_2023,no,Understanding young children’s science learning through embodied communication within an MR environment,Xintian Tu & Joshua Danish & Megan Humburg & Mengxi Zhou & Nitasha Mathayas & Noel Enyedy,,,,,,,,,,,,,,,,,,,,,,
2023_v18i2_10.1007_s11412-023-09399-9_Mobile_augmented_reality_supporting_families_immersive_collaborative_learning_Learning-on-,2023,18,2,7,rose_jarvela_2020_2023,no,Mobile augmented reality supporting families’ immersive collaborative learning: Learning‑on‑the‑move for place‑based geoscience sense‑making,Heather Toomey Zimmerman & Susan M. Land & Lillyanna Faimon & Yu‑Chen Chiu,,,,,,,,,,,,,,,,,,,,,,
2023_v18i3_10.1007_s11412-023-09394-0_Exploring_the_impact_of_chat-based_collaborative_activities_and_SRL-focused_interventions_,2023,18,3,2,rose_jarvela_2020_2023,no,"Exploring the impact of chat‑based collaborative activities and SRL‑focused interventions on students’ self‑regulation profiles, participation in collaborative activities, retention, and learning in MOOCs",Georgios Psathas & Stergios Tegos & Stavros N. Demetriadis & Thrasyvoulos Tsiatsos,,,,,,,,,,,,,,,,,,,,,,
2023_v18i4_10.1007_s11412-023-09407-y_Can_CPS_better_prepare_8th_graders_for_problem-solving_in_electromagnetism_and_bridging_th,2023,18,4,3,rose_jarvela_2020_2023,no,Can CPS better prepare 8th graders for problem‑solving in electromagnetism and bridging the gap between high‑ and low‑achievers than IPS?,Jiun‑Wei Guo & Hsiao‑Ching She & Meng‑Jun Chen & Pei‑Yi Tsai,,,,,,,,,,,,,,,,,,,,,,
2023_v18i4_10.1007_s11412-023-09411-2_The_role_of_first-language_heterogeneity_in_the_acquisition_of_online_interaction_self-eff,2023,18,4,4,rose_jarvela_2020_2023,no,The role of first‑language heterogeneity in the acquisition of online interaction self‑efficacy in CSCL,Natalia Reich‑Stiebert & Jennifer Raimann & Stefan Stürmer,,,,,,,,,,,,,,,,,,,,,,
2023_v18i4_10.1007_s11412-023-09414-z_Studying_teacher_withitness_in_the_wild_comparing_a_mirroring_and_an_alerting_amp_guiding_,2023,18,4,6,rose_jarvela_2020_2023,no,Studying teacher withitness in the wild: comparing a mirroring and an alerting & guiding dashboard for collaborative learning,Reet Kasepalu & Pankaj Chejara & Luis P. Prieto & Tobias Ley,,,,,,,,,,,,,,,,,,,,,,
2023_v18i4_10.1007_s11412-023-09409-w_Co-constructing_knowledge_with_generative_AI_tools_Reflections_from_a_CSCL_perspective,2023,18,4,7,rose_jarvela_2020_2023,no,Co‑constructing knowledge with generative AI tools: Reflections from a CSCL perspective,Ulrike Cress & the public. They are gladly,,,,,,,,,,,,,,,,,,,,,,
2024_v19i1_10.1007_s11412-023-09413-0_Exploring_students_immersive_VR_experiences_as_resources_for_collaborative_meaning_making_,2024,19,1,2,baker_reimann_2024_2027,no,Exploring students’ immersive VR experiences as resources for collaborative meaning making and learning,Kenneth Silseth & Rolf Steier & Hans Christian Arnseth By adopting a situated,,,,,,,,,,,,,,,,,,,,,,
2024_v19i1_10.1007_s11412-023-09412-1_Learning_within_fiber-crafted_algorithms_Posthumanist_perspectives_for_capturing_human-mat,2024,19,1,3,baker_reimann_2024_2027,no,Learning within fiber‑crafted algorithms: Posthumanist perspectives for capturing human‑material collaboration,Anna Keune,,,,,,,,,,,,,,,,,,,,,,
2024_v19i2_10.1007_s11412-024-09423-6_Learning_to_notice_collaboration_examining_the_impact_of_professional_development_on_mathe,2024,19,2,1,baker_reimann_2024_2027,no,Learning to notice collaboration: examining the impact of professional development on mathematics teachers’ enhanced awareness in CSCL settings,Benzi Slakmon & Rotem Abdu,,,,,,,,,,,,,,,,,,,,,,
2024_v19i2_10.1007_s11412-024-09420-9_Dialogues_across_time_and_space_in_a_video-based_collaborative_learning_environment,2024,19,2,2,baker_reimann_2024_2027,no,Dialogues across time and space in a video‑based collaborative learning environment,Charlotte Beal & Rolf Steier,,,,,,,,,,,,,,,,,,,,,,
2024_v19i2_10.1007_s11412-024-09422-7_Zooming_in_The_role_of_nonverbal_behavior_in_sensing_the_quality_of_collaborative_group_en,2024,19,2,3,baker_reimann_2024_2027,no,Zooming in: The role of nonverbal behavior in sensing the quality of collaborative group engagement,Lisa Paneth & Loris T. Jeitziner & Oliver Rack & Klaus Opwis & Carmen Zahn,,,,,,,,,,,,,,,,,,,,,,
2024_v19i3_10.1007_s11412-024-09427-2_Knowledge_creation_through_maker_practices_and_the_role_of_teacher_and_peer_support_in_col,2024,19,3,2,baker_reimann_2024_2027,no,Knowledge creation through maker practices and the role of teacher and peer support in collaborative invention projects,Sini Davies & Pirita Seitamaa‑Hakkarainen & Kai Hakkarainen,,,,,,,,,,,,,,,,,,,,,,
2024_v19i3_10.1007_s11412-024-09426-3_Combining_Danmaku_and_Discussion_Boards_Toward_A_Scalable_and_Sociable_Environment_for_Mas,2024,19,3,3,baker_reimann_2024_2027,no,Combining Danmaku and Discussion Boards: Toward A Scalable and Sociable Environment for Mass Collaboration in MOOCs,Bo Yang In online learning at scale,,,,,,,,,,,,,,,,,,,,,,
2024_v19i3_10.1007_s11412-024-09425-4_Collaborative_Problem-Solving_in_Knowledge-Rich_Domains_A_Multi-Study_Structural_Equation_,2024,19,3,4,baker_reimann_2024_2027,no,Collaborative Problem‑Solving in Knowledge‑Rich Domains: A Multi‑Study Structural Equation Model,Laura Brandl & Matthias Stadler & Constanze Richters & Anika Radkowitsch & Martin R. Fischer & Ralf Schmidmaier & Frank Fischer,,,,,,,,,,,,,,,,,,,,,,
2024_v19i3_10.1007_s11412-024-09424-5_The_perceptions_of_task_cohesion_in_collaborative_learning_teams,2024,19,3,5,baker_reimann_2024_2027,no,The perceptions of task cohesion in collaborative learning teams,Andrew Zamecnik & Georg Grossmann & Djazia Ladjal & Abelardo Pardo,,,,,,,,,,,,,,,,,,,,,,
2024_v19i4_10.1007_s11412-024-09432-5_Emergent_group_understanding_Investigating_intersubjectivity_in_sociotechnical_interdepend,2024,19,4,1,baker_reimann_2024_2027,no,Emergent group understanding: Investigating intersubjectivity in sociotechnical interdependencies,Anders I. Mørch & Renate Andersen & Siv Eie & Louise Mifsud,,,,,,,,,,,,,,,,,,,,,,
2025_v20i1_10.1007_s11412-024-09431-6_Capturing_temporal_pathways_of_collaborative_roles_A_multilayered_analytical_approach_usin,2025,20,1,2,baker_reimann_2024_2027,no,Capturing temporal pathways of collaborative roles: A multilayered analytical approach using community of inquiry,Ramy Elmoazen & Mohammed Saqr & Laura Hirsto & Matti Tedre,,,,,,,,,,,,,,,,,,,,,,
2025_v20i1_10.1007_s11412-024-09430-7_Comparing_the_effects_of_a_collaboration_script_and_collaborative_reflection_on_promoting_,2025,20,1,4,baker_reimann_2024_2027,no,Comparing the effects of a collaboration script and collaborative reflection on promoting knowledge about good collaboration and effective interaction,Sebastian Strauß & Isis Tunnigkeit & Julia Eberle & Arlind Avdullahu & Nikol Rummel,,,,,,,,,,,,,,,,,,,,,,
2025_v20i1_10.1007_s11412-023-09410-3_Correction_Contesting_sociocomputational_norms_computer_programming_instructors_and_studen,2025,20,1,5,baker_reimann_2024_2027,no,Correction: Contesting sociocomputational norms: computer programming instructors and students’ stancetaking around refactoring,Morgan M. Fong & David DeLiema & Virginia J. Flood & Oia Walker-van Aalst,,,,,,,,,,,,,,,,,,,,,,
2025_v20i1_10.1007_s11412-024-09439-y_Correction_Collaborative_Problem-Solving_in_Knowledge-Rich_Domains_A_Multi-Study_Structura,2025,20,1,6,baker_reimann_2024_2027,no,Correction: Collaborative Problem‑Solving in Knowledge‑Rich Domains: A Multi‑Study Structural Equation Model,Laura Brandl & Matthias Stadler & Constanze Richters & Anika Radkowitsch & Martin R. Fischer & Ralf Schmidmaier & Frank Fischer,,,,,,,,,,,,,,,,,,,,,,
2025_v20i2_10.1007_s11412-024-09442-3_How_does_collaborative_task_design_shape_collaborative_knowledge_construction_and_group-le,2025,20,2,1,baker_reimann_2024_2027,no,How does collaborative task design shape collaborative knowledge construction and group‑level regulation of learning? A study of secondary school students’ interactions in two varied tasks,Kateryna Zabolotna & Liv Nøhr & Megumi Iwata & Daniel Spikol & Jonna Malmberg & Hanna Järvenoja,,,,,,,,,,,,,,,,,,,,,,
2025_v20i2_10.1007_s11412-024-09435-2_Toward_multimodal_learning_analytics_in_simulation-based_collaborative_learning_A_design_e,2025,20,2,2,baker_reimann_2024_2027,no,Toward multimodal learning analytics in simulation‑based collaborative learning: A design ethnography of maritime training,Charlott Sellberg & Amit Sharma,,,,,,,,,,,,,,,,,,,,,,
2025_v20i2_10.1007_s11412-024-09438-z_Disagreeing_softly_Supporting_students_in_managing_disagreement_in_peer_critique,2025,20,2,4,baker_reimann_2024_2027,no,Disagreeing softly: Supporting students in managing disagreement in peer critique,Jinzhi Zhou & Cindy E. Hmelo‑Silver & Zach Ryan & Christina Stiso & Danielle Murphy & Joshua Danish & Clark A. Chinn & Ravit Golan Duncan,,,,,,,,,,,,,,,,,,,,,,
2025_v20i2_10.1007_s11412-022-09368-8_Correction_to_Many_are_the_ways_to_learn_Identifying_multi-modal_behavioral_profiles_of_co,2025,20,2,5,baker_reimann_2024_2027,no,Correction to: Many are the ways to learn: Identifying multi‑modal behavioral profiles of collaborative learning in constructivist activities,Jauwairia Nasir & Aditi Kothiyal & Barbara Bruno & Pierre Dillenbourg,,,,,,,,,,,,,,,,,,,,,,
2025_v20i2_10.1007_s11412-023-09391-3_Correction_An_artificial_intelligence-driven_learning_analytics_method_to_examine_the_coll,2025,20,2,6,baker_reimann_2024_2027,no,Correction: An artificial intelligence‑driven learning analytics method to examine the collaborative problem‑solving process from the complex adaptive systems perspective,Fan Ouyang & Weiqi Xu & Mutlu Cukurova,,,,,,,,,,,,,,,,,,,,,,
2025_v20i3_10.1007_s11412-024-09443-2_Enhancing_students_dialogic_reflection_through_classroom_discourse_visualisation,2025,20,3,1,baker_reimann_2024_2027,no,Enhancing students’ dialogic reflection through classroom discourse visualisation,Pengjin Wang & Fan Chen & Deliang Wang & Gaowei Chen,,,,,,,,,,,,,,,,,,,,,,
2025_v20i3_10.1007_s11412-025-09446-7_Activity-based_collaborative_virtual_reality_Conceptualising_immersive_virtual_reality_for,2025,20,3,2,baker_reimann_2024_2027,no,Activity‑based collaborative virtual reality: Conceptualising immersive virtual reality for collaborative learning,Lucas Paulsen & Jacob Davidsen,,,,,,,,,,,,,,,,,,,,,,
2025_v20i3_10.1007_s11412-025-09445-8_Measuring_the_quality_of_collaborative_group_engagement_Development_and_validation_of_the_,2025,20,3,3,baker_reimann_2024_2027,no,Measuring the quality of collaborative group engagement: Development and validation of the QCGE self‑assessment scale (QCGE‑SAS),Loris T. Jeitziner & Lisa Paneth & Oliver Rack & Susanne Bleisch & Carmen Zahn,,,,,,,,,,,,,,,,,,,,,,
2025_v20i3_10.1007_s11412-025-09447-6_Understanding_the_role_of_I-positions_facilitating_knowledge_construction_in_a_computer-su,2025,20,3,4,baker_reimann_2024_2027,no,Understanding the role of I‑positions facilitating knowledge construction in a computer‑supported collaborative learning environment,Aaron J. Peltoniemi & Joni Lämsä & Sami Lehesvuori,,,,,,,,,,,,,,,,,,,,,,
2025_v20i4_10.1007_s11412-025-09450-x_The_CoMPAS_Framework_for_Modeling_Individual_Participation_in_Collaborative_Learning_Proce,2025,20,4,1,baker_reimann_2024_2027,no,The CoMPAS Framework for Modeling Individual Participation in Collaborative Learning Processes: a Systematic Review,Shihui Feng & Ziyi Wei,,,,,,,,,,,,,,,,,,,,,,
2025_v20i4_10.1007_s11412-025-09451-w_Accomplishing_collaboration_at_scale_How_professionals_jointly_frame_problems_on_Stack_Ove,2025,20,4,2,baker_reimann_2024_2027,no,Accomplishing collaboration at scale: How professionals jointly frame problems on Stack Overflow,Alena Seredko,,,,,,,,,,,,,,,,,,,,,,
2025_v20i4_10.1007_s11412-025-09456-5_Age-related_differences_in_explanatory_activities_during_collaborative_learning_with_conce,2025,20,4,3,baker_reimann_2024_2027,no,Age‑related differences in explanatory activities during collaborative learning with concept maps: experimental investigation using epistemic network analysis,Shigen Shimojo & Yugo Hayashi,,,,,,,,,,,,,,,,,,,,,,
2025_v20i4_10.1007_s11412-025-09452-9_Optimizing_group_formation_with_a_mixed_genetic_algorithm_an_empirical_study_in_active_rea,2025,20,4,4,baker_reimann_2024_2027,no,Optimizing group formation with a mixed genetic algorithm: an empirical study in active reading using marker data,Changhao Liang & Yuko Toyokawa & Hiroaki Ogata,,,,,,,,,,,,,,,,,,,,,,
2025_v20i4_10.1007_s11412-025-09454-7_Collaboration_in_virtual_and_remote_laboratories_for_education_A_systematic_literature_rev,2025,20,4,5,baker_reimann_2024_2027,no,Collaboration in virtual and remote laboratories for education: A systematic literature review,Azzeddine Benabbou & Catherine Pons,,,,,,,,,,,,,,,,,,,,,,
2026_v21i1_10.1007_s11412-025-09460-9_Learning_to_deal_with_hate_speech_An_online_collective_intelligence_experiment_on_the_Coll,2026,21,1,4,baker_reimann_2024_2027,no,Learning to deal with hate speech: An online collective intelligence experiment on the Collective Learning platform,Tatiana Íñiguez‑Berrozpe & Carmen Elboj‑Saso & Francesco Marcaletti & adolescents are exposed. Objective,,,,,,,,,,,,,,,,,,,,,,
2026_v21i1_10.1007_s11412-025-09461-8_Talk_to_the_machine_Unleashing_the_potential_of_AI_to_scale_dialogic_education_and_reduce_,2026,21,1,5,baker_reimann_2024_2027,no,Talk to the machine: Unleashing the potential of AI to scale dialogic education and reduce polarization,Yifat Ben‑David Kolikant & Omri Hadar & Asaf Salman,,,,,,,,,,,,,,,,,,,,,,
2026_v21i2_10.1007_s11412-025-09459-2_Understanding_when_anger_becomes_productive_or_destructive_in_collaborative_educational_ga,2026,21,2,1,baker_reimann_2024_2027,no,Understanding when anger becomes productive or destructive in collaborative educational games,Taehyun Kim & Mike Tissenbaum,,,,,,,,,,,,,,,,,,,,,,
2026_v21i2_10.1007_s11412-025-09463-6_Advancing_collaborative_discourse_through_knowledge_synthesis,2026,21,2,2,baker_reimann_2024_2027,no,Advancing collaborative discourse through knowledge synthesis,Xinran Zhu & Bodong Chen & David DeLiema,,,,,,,,,,,,,,,,,,,,,,
2026_v21i2_10.1007_s11412-025-09464-5_A_temporal_network_approach_to_reveal_the_longitudinal_dynamics_of_CSCL_group_regulation_a,2026,21,2,3,baker_reimann_2024_2027,no,A temporal network approach to reveal the longitudinal dynamics of CSCL group regulation and productive collaboration,Mohammed Saqr & Sonsoles López‑Pernas & Tiina Törmänen,,,,,,,,,,,,,,,,,,,,,,
2026_v21i2_10.1007_s11412-026-09474-x_Correction_A_temporal_network_approach_to_reveal_the_longitudinal_dynamics_of_CSCL_group_r,2026,21,2,4,baker_reimann_2024_2027,no,Correction: A temporal network approach to reveal the longitudinal dynamics of CSCL group regulation and productive collaboration,Mohammed Saqr & Sonsoles López‑Pernas,,,,,,,,,,,,,,,,,,,,,,
